Total NoC power is	0	W
Total NoC power is	0	W
Total NoC power is	0	W
Total NoC power is	0	W
Total NoC power is	0	W
Total NoC power is	0	W
Total NoC power is	0	W
Total NoC power is	0	W
Total NoC power is	0	W
Total NoC power is	0	W
Total NoC power is	0	W
Total NoC power is	0	W
Total NoC power is	0	W
Total NoC power is	0	W
Total NoC power is	0	W
Total NoC power is	0	W
Total NoC power is	0	W
Total NoC power is	0	W
Total NoC power is	0	W
Total NoC power is	0	W
Total NoC power is	0	W
Total NoC power is	0	W
Total NoC power is	0	W
Total NoC power is	0	W
Total NoC power is	0	W
Total NoC power is	0	W
Total NoC power is	0	W
Total NoC power is	0	W
Total NoC power is	0	W
Total NoC power is	0	W
Total NoC power is	0	W
Total NoC power is	0	W
Total NoC power is	0	W
Total NoC power is	0	W
Total NoC power is	0	W
Total NoC power is	0	W
Total NoC power is	0	W
Total NoC power is	0	W
Total NoC power is	0	W
Total NoC power is	0	W
Total NoC power is	0	W
Total NoC power is	0	W
Total NoC power is	0	W
Total NoC power is	0	W
Total NoC power is	0	W
Total NoC power is	0	W
Total NoC power is	0	W
Total NoC power is	0	W
Total NoC power is	0	W
Total NoC power is	0	W
Total NoC power is	0	W
Total NoC power is	0	W
Total NoC power is	0	W
Total NoC power is	0	W
Total NoC power is	0	W
Total NoC power is	0	W
Total NoC power is	0	W
Total NoC power is	0	W
Total NoC power is	0	W
Total NoC power is	0	W
Total NoC power is	0	W
Total NoC power is	0	W
Total NoC power is	0	W
Total NoC power is	0	W
Total NoC power is	0	W
Total NoC power is	0	W
Total NoC power is	0	W
Total NoC power is	0	W
Total NoC power is	0	W
Total NoC power is	0	W
Total NoC power is	0	W
Total NoC power is	0	W
Total NoC power is	0	W
Total NoC power is	0	W
Total NoC power is	0	W
Total NoC power is	0	W
Total NoC power is	0	W
Total NoC power is	0	W
Total NoC power is	0	W
Total NoC power is	0	W
Total NoC power is	0	W
Total NoC power is	0	W
Total NoC power is	0	W
Total NoC power is	0	W
Total NoC power is	0	W
Total NoC power is	0	W
Total NoC power is	0	W
Total NoC power is	0	W
Total NoC power is	0	W
Total NoC power is	0	W
Total NoC power is	0	W
Total NoC power is	0	W
Total NoC power is	0	W
Total NoC power is	0	W
Total NoC power is	0	W
Total NoC power is	0	W
Total NoC power is	0	W
Total NoC power is	0	W
Total NoC power is	0	W
Total NoC power is	0	W
Total NoC power is	0	W
Total NoC power is	0	W
Total NoC power is	0	W
Total NoC power is	0	W
Total NoC power is	0	W
Total NoC power is	0	W
Total NoC power is	0	W
Total NoC power is	0	W
Total NoC power is	0	W
Total NoC power is	0	W
Total NoC power is	0	W
Total NoC power is	0	W
Total NoC power is	0	W
Total NoC power is	0	W
Total NoC power is	0	W
Total NoC power is	0	W
Total NoC power is	0	W
Total NoC power is	0	W
Total NoC power is	0	W
Total NoC power is	0	W
Total NoC power is	0	W
Total NoC power is	0	W
Total NoC power is	0	W
Total NoC power is	0	W
Total NoC power is	0	W
Total NoC power is	0	W
Total NoC power is	0	W
Total NoC power is	0	W
Total NoC power is	0	W
Total NoC power is	0	W
Total NoC power is	0	W
Total NoC power is	0	W
Total NoC power is	0	W
Total NoC power is	0	W
Total NoC power is	0	W
Total NoC power is	0	W
Total NoC power is	0	W
Total NoC power is	0	W
Total NoC power is	0	W
Total NoC power is	0	W
Total NoC power is	0	W
Total NoC power is	0	W
Total NoC power is	0	W
Total NoC power is	0	W
Total NoC power is	0	W
Total NoC power is	0	W
Total NoC power is	0	W
Total NoC power is	0	W
Total NoC power is	0	W
Total NoC power is	0	W
Total NoC power is	0	W
Total NoC power is	0	W
Total NoC power is	0	W
Total NoC power is	0	W
Total NoC power is	0	W
Total NoC power is	0	W
Total NoC power is	0	W
Total NoC power is	0	W
Total NoC power is	0	W
Total NoC power is	0	W
Total NoC power is	0	W
Total NoC power is	0	W
Total NoC power is	0	W
Total NoC power is	0	W
Total NoC power is	0	W
Total NoC power is	0	W
Total NoC power is	0	W
Total NoC power is	0	W
Total NoC power is	0	W
Total NoC power is	0	W
Total NoC power is	0	W
Total NoC power is	0	W
Total NoC power is	0	W
Total NoC power is	0	W
Total NoC power is	0	W
Total NoC power is	0	W
Total NoC power is	0	W
Total NoC power is	0	W
Total NoC power is	0	W
Total NoC power is	0	W
Total NoC power is	0	W
Total NoC power is	0	W
Total NoC power is	0	W
Total NoC power is	0	W
Total NoC power is	0	W
Total NoC power is	0	W
Total NoC power is	0	W
Total NoC power is	0	W
Total NoC power is	0	W
Total NoC power is	0	W
Total NoC power is	0	W
Total NoC power is	0	W
Total NoC power is	0	W
Total NoC power is	0	W
Total NoC power is	0	W
Total NoC power is	0	W
Total NoC power is	0	W
Total NoC power is	0	W
Total NoC power is	0	W
Total NoC power is	0	W
Total NoC power is	0	W
Total NoC power is	0	W
Total NoC power is	0	W
Total NoC power is	0	W
Total NoC power is	0	W
Total NoC power is	0	W
Total NoC power is	0	W
Total NoC power is	0	W
Total NoC power is	0	W
Total NoC power is	0	W
Total NoC power is	0	W
Total NoC power is	0	W
Total NoC power is	0	W
Total NoC power is	0	W
Total NoC power is	0	W
Total NoC power is	0	W
Total NoC power is	0	W
Total NoC power is	0	W
Total NoC power is	0	W
Total NoC power is	0	W
Total NoC power is	0	W
Total NoC power is	0	W
Total NoC power is	0	W
Total NoC power is	0	W
Total NoC power is	0	W
Total NoC power is	0	W
Total NoC power is	0	W
Total NoC power is	0	W
Total NoC power is	0	W
Total NoC power is	0	W
Total NoC power is	0	W
Total NoC power is	0	W
Total NoC power is	0	W
Total NoC power is	0	W
Total NoC power is	0	W
Total NoC power is	0	W
Total NoC power is	0	W
Total NoC power is	0	W
Total NoC power is	0	W
Total NoC power is	0	W
Total NoC power is	0	W
Total NoC power is	0	W
Total NoC power is	0	W
Total NoC power is	0	W
Total NoC power is	0	W
Total NoC power is	0	W
Total NoC power is	0	W
Total NoC power is	0	W
Total NoC power is	0	W
Total NoC power is	0	W
Total NoC power is	0	W
Total NoC power is	0	W
Total NoC power is	0	W
Total NoC power is	0	W
Total NoC power is	0	W
Total NoC power is	0	W
Total NoC power is	0	W
Total NoC power is	0	W
Total NoC power is	0	W
Total NoC power is	0	W
Total NoC power is	0	W
Total NoC power is	0	W
Total NoC power is	0	W
Total NoC power is	0	W
Total NoC power is	0	W
Total NoC power is	0	W
Total NoC power is	0	W
Total NoC power is	0	W
Total NoC power is	0	W
Total NoC power is	0	W
Total NoC power is	0	W
Total NoC power is	0	W
Total NoC power is	0	W
Total NoC power is	0	W
Total NoC power is	0	W
Total NoC power is	0	W
Total NoC power is	0	W
Total NoC power is	0	W
Total NoC power is	0	W
Total NoC power is	0	W
Total NoC power is	0	W
Total NoC power is	0	W
Total NoC power is	0	W
Total NoC power is	0	W
Total NoC power is	0	W
Total NoC power is	0	W
Total NoC power is	0	W
Total NoC power is	0	W
Total NoC power is	0	W
Total NoC power is	0	W
Total NoC power is	0	W
Total NoC power is	0	W
Total NoC power is	0	W
Total NoC power is	0	W
Total NoC power is	0	W
Total NoC power is	0	W
Total NoC power is	0	W
Total NoC power is	0	W
Total NoC power is	0	W
Total NoC power is	0	W
Total NoC power is	0	W
Total NoC power is	0	W
Total NoC power is	0	W
Total NoC power is	0	W
Total NoC power is	0	W
Total NoC power is	0	W
Total NoC power is	0	W
Total NoC power is	0	W
Total NoC power is	0	W
Total NoC power is	0	W
Total NoC power is	0	W
Total NoC power is	0	W
Total NoC power is	0	W
Total NoC power is	0	W
Total NoC power is	0	W
Total NoC power is	0	W
Total NoC power is	0	W
Total NoC power is	0	W
Total NoC power is	0	W
Total NoC power is	0	W
Total NoC power is	0	W
Total NoC power is	0	W
Total NoC power is	0	W
Total NoC power is	0	W
Total NoC power is	0	W
Total NoC power is	0	W
Total NoC power is	0	W
Total NoC power is	0	W
Total NoC power is	0	W
Total NoC power is	0	W
Total NoC power is	0	W
Total NoC power is	0	W
Total NoC power is	0	W
Total NoC power is	0	W
Total NoC power is	0	W
Total NoC power is	0	W
Total NoC power is	0	W
Total NoC power is	0	W
Total NoC power is	0	W
Total NoC power is	0	W
Total NoC power is	0	W
Total NoC power is	0	W
Total NoC power is	0	W
Total NoC power is	0	W
Total NoC power is	0	W
Total NoC power is	0	W
Total NoC power is	0	W
Total NoC power is	0	W
Total NoC power is	0	W
Total NoC power is	0	W
Total NoC power is	0	W
Total NoC power is	0	W
Total NoC power is	0	W
Total NoC power is	0	W
Total NoC power is	0	W
Total NoC power is	0	W
Total NoC power is	0	W
Total NoC power is	0	W
Total NoC power is	0	W
Total NoC power is	0	W
Total NoC power is	0	W
Total NoC power is	0	W
Total NoC power is	0	W
Total NoC power is	0	W
Total NoC power is	0	W
Total NoC power is	0	W
Total NoC power is	0	W
Total NoC power is	0	W
Total NoC power is	0	W
Total NoC power is	0	W
Total NoC power is	0	W
Total NoC power is	0	W
Total NoC power is	0	W
Total NoC power is	0	W
Total NoC power is	0	W
Total NoC power is	0	W
Total NoC power is	0	W
Total NoC power is	0	W
Total NoC power is	0	W
Total NoC power is	0	W
Total NoC power is	0	W
Total NoC power is	0	W
Total NoC power is	0	W
Total NoC power is	0	W
Total NoC power is	0	W
Total NoC power is	0	W
Total NoC power is	0	W
Total NoC power is	0	W
Total NoC power is	0	W
Total NoC power is	0	W
Total NoC power is	0	W
Total NoC power is	0	W
Total NoC power is	0	W
Total NoC power is	0	W
Total NoC power is	0	W
Total NoC power is	0	W
Total NoC power is	0	W
Total NoC power is	0	W
Total NoC power is	0	W
Total NoC power is	0	W
Total NoC power is	0	W
Total NoC power is	0	W
Total NoC power is	0	W
Total NoC power is	0	W
Total NoC power is	0	W
Total NoC power is	0	W
Total NoC power is	0	W
Total NoC power is	0	W
Total NoC power is	0	W
Total NoC power is	0	W
Total NoC power is	0	W
Total NoC power is	0	W
Total NoC power is	0	W
Total NoC power is	0	W
Total NoC power is	0	W
Total NoC power is	0	W
Total NoC power is	0	W
Total NoC power is	0	W
Total NoC power is	0	W
Total NoC power is	0	W
Total NoC power is	0	W
Total NoC power is	0	W
Total NoC power is	0	W
Total NoC power is	0	W
Total NoC power is	0	W
Total NoC power is	0	W
Total NoC power is	0	W
Total NoC power is	0	W
Total NoC power is	0	W
Total NoC power is	0	W
Total NoC power is	0	W
Total NoC power is	0	W
Total NoC power is	0	W
Total NoC power is	0	W
Total NoC power is	0	W
Total NoC power is	0	W
Total NoC power is	0	W
Total NoC power is	0	W
Total NoC power is	0	W
Total NoC power is	0	W
Total NoC power is	0	W
Total NoC power is	0	W
Total NoC power is	0	W
Total NoC power is	0	W
Total NoC power is	0	W
Total NoC power is	0	W
Total NoC power is	0	W
Total NoC power is	0	W
Total NoC power is	0	W
Total NoC power is	0	W
Total NoC power is	0	W
Total NoC power is	0	W
Total NoC power is	0	W
Total NoC power is	0	W
Total NoC power is	0	W
Total NoC power is	0	W
Total NoC power is	0	W
Total NoC power is	0	W
Total NoC power is	0	W
Total NoC power is	0	W
Total NoC power is	0	W
Total NoC power is	0	W
Total NoC power is	0	W
Total NoC power is	0	W
Total NoC power is	0	W
Total NoC power is	0	W
Total NoC power is	0	W
Total NoC power is	0	W
Total NoC power is	0	W
Total NoC power is	0	W
Total NoC power is	0	W
Total NoC power is	0	W
Total NoC power is	0	W
Total NoC power is	0	W
Total NoC power is	0	W
Total NoC power is	0	W
Total NoC power is	0	W
Total NoC power is	0	W
Total NoC power is	0	W
Total NoC power is	0	W
Total NoC power is	0	W
Total NoC power is	0	W
Total NoC power is	0	W
Total NoC power is	0	W
Total NoC power is	0	W
Total NoC power is	0	W
Total NoC power is	0	W
Total NoC power is	0	W
Total NoC power is	0	W
Total NoC power is	0	W
Total NoC power is	0	W
Total NoC power is	0	W
Total NoC power is	0	W
Total NoC power is	0	W
Total NoC power is	0	W
Total NoC power is	0	W
Total NoC power is	0	W
Total NoC power is	0	W
Total NoC power is	0	W
Total NoC power is	0	W
Total NoC power is	0	W
Total NoC power is	0	W
Total NoC power is	0	W
Total NoC power is	0	W
Total NoC power is	0	W
Total NoC power is	0	W
Total NoC power is	0	W
Total NoC power is	0	W
Total NoC power is	0	W
Total NoC power is	0	W
Total NoC power is	0	W
Total NoC power is	0	W
Total NoC power is	0	W
Total NoC power is	0	W
Total NoC power is	0	W
Total NoC power is	0	W
Total NoC power is	0	W
Total NoC power is	0	W
Total NoC power is	0	W
Total NoC power is	0	W
Total NoC power is	0	W
Total NoC power is	0	W
Total NoC power is	0	W
Total NoC power is	0	W
Total NoC power is	0	W
Total NoC power is	0	W
Total NoC power is	0	W
Total NoC power is	0	W
Total NoC power is	0	W
Total NoC power is	0	W
Total NoC power is	0	W
Total NoC power is	0	W
Total NoC power is	0	W
Total NoC power is	0	W
Total NoC power is	0	W
Total NoC power is	0	W
Total NoC power is	0	W
Total NoC power is	0	W
Total NoC power is	0	W
Total NoC power is	0	W
Total NoC power is	0	W
Total NoC power is	0	W
Total NoC power is	0	W
Total NoC power is	0	W
Total NoC power is	0	W
Total NoC power is	0	W
Total NoC power is	0	W
Total NoC power is	0	W
Total NoC power is	0	W
Total NoC power is	0	W
Total NoC power is	0	W
Total NoC power is	0	W
Total NoC power is	0	W
Total NoC power is	0	W
Total NoC power is	0	W
Total NoC power is	0	W
Total NoC power is	0	W
Total NoC power is	0	W
Total NoC power is	0	W
Total NoC power is	0	W
Total NoC power is	0	W
Total NoC power is	0	W
Total NoC power is	0	W
Total NoC power is	0	W
Total NoC power is	0	W
Total NoC power is	0	W
Total NoC power is	0	W
Total NoC power is	0	W
Total NoC power is	0	W
Total NoC power is	0	W
Total NoC power is	0	W
Total NoC power is	0	W
Total NoC power is	0	W
Total NoC power is	0	W
Total NoC power is	0	W
Total NoC power is	0	W
Total NoC power is	0	W
Total NoC power is	0	W
Total NoC power is	0	W
Total NoC power is	0	W
Total NoC power is	0	W
Total NoC power is	0	W
Total NoC power is	0	W
Total NoC power is	0	W
Total NoC power is	0	W
Total NoC power is	0	W
Total NoC power is	0	W
Total NoC power is	0	W
Total NoC power is	0	W
Total NoC power is	0	W
Total NoC power is	0	W
Total NoC power is	0	W
Total NoC power is	0	W
Total NoC power is	0	W
Total NoC power is	0	W
Total NoC power is	0	W
Total NoC power is	0	W
Total NoC power is	0	W
Total NoC power is	0	W
Total NoC power is	0	W
Total NoC power is	0	W
Total NoC power is	0	W
Total NoC power is	0	W
Total NoC power is	0	W
Total NoC power is	0	W
Total NoC power is	0	W
Total NoC power is	0	W
Total NoC power is	0	W
Total NoC power is	0	W
Total NoC power is	0	W
Total NoC power is	0	W
Total NoC power is	0	W
Total NoC power is	0	W
Total NoC power is	0	W
Total NoC power is	0	W
Total NoC power is	0	W
Total NoC power is	0	W
Total NoC power is	0	W
Total NoC power is	0	W
Total NoC power is	0	W
Total NoC power is	0	W
Total NoC power is	0	W
Total NoC power is	0	W
Total NoC power is	0	W
Total NoC power is	0	W
Total NoC power is	0	W
Total NoC power is	0	W
Total NoC power is	0	W
Total NoC power is	0	W
Total NoC power is	0	W
Total NoC power is	0	W
Total NoC power is	0	W
Total NoC power is	0	W
Total NoC power is	0	W
Total NoC power is	0	W
Total NoC power is	0	W
Total NoC power is	0	W
Total NoC power is	0	W
Total NoC power is	0	W
Total NoC power is	0	W
Total NoC power is	0	W
Total NoC power is	0	W
Total NoC power is	0	W
Total NoC power is	0	W
Total NoC power is	0	W
Total NoC power is	0	W
Total NoC power is	0	W
Total NoC power is	0	W
Total NoC power is	0	W
Total NoC power is	0	W
Total NoC power is	0	W
Total NoC power is	0	W
Total NoC power is	0	W
Total NoC power is	0	W
Total NoC power is	0	W
Total NoC power is	0	W
Total NoC power is	0	W
Total NoC power is	0	W
Total NoC power is	0	W
Total NoC power is	0	W
Total NoC power is	0	W
Total NoC power is	0	W
Total NoC power is	0	W
Total NoC power is	0	W
Total NoC power is	0	W
Total NoC power is	0	W
Total NoC power is	0	W
Total NoC power is	0	W
Total NoC power is	0	W
Total NoC power is	0	W
Total NoC power is	0	W
Total NoC power is	0	W
Total NoC power is	0.000280136	W
Total NoC power is	0.000280136	W
Total NoC power is	0.000280136	W
Total NoC power is	0.000280136	W
Total NoC power is	0.000280136	W
Total NoC power is	0.000280136	W
Total NoC power is	0.000280136	W
Total NoC power is	0.000280136	W
Total NoC power is	0.000280136	W
Total NoC power is	0.000280136	W
Total NoC power is	0.000280136	W
Total NoC power is	0.000280136	W
Total NoC power is	0.000280136	W
Total NoC power is	0.000280136	W
Total NoC power is	0.000280136	W
Total NoC power is	0.000280136	W
Total NoC power is	0.000280136	W
Total NoC power is	0.000280136	W
Total NoC power is	0.000280136	W
Total NoC power is	0.000280136	W
Total NoC power is	0.000280136	W
Total NoC power is	0.000280136	W
Total NoC power is	0.000280136	W
Total NoC power is	0.0004394285	W
