NoP latency for layer	105_to_149	is	362	cycles
NoP latency for layer	34_to_57	is	324	cycles
NoP latency for layer	97_to_144	is	42	cycles
NoP latency for layer	27_to_28	is	164	cycles
NoP latency for layer	157_to_180	is	71	cycles
NoP latency for layer	31_to_41	is	33	cycles
NoP latency for layer	30_to_33	is	33	cycles
NoP latency for layer	60_to_73	is	33	cycles
NoP latency for layer	122_to_151	is	356	cycles
NoP latency for layer	126_to_152	is	356	cycles
NoP latency for layer	184_to_208	is	356	cycles
NoP latency for layer	97_to_143	is	42	cycles
NoP latency for layer	8_to_27	is	324	cycles
NoP latency for layer	157_to_187	is	71	cycles
NoP latency for layer	153_to_155	is	1378	cycles
NoP latency for layer	208_to_32	is	324	cycles
NoP latency for layer	144_to_148	is	356	cycles
NoP latency for layer	97_to_131	is	42	cycles
NoP latency for layer	161_to_210	is	386	cycles
NoP latency for layer	30_to_41	is	33	cycles
NoP latency for layer	97_to_136	is	42	cycles
NoP latency for layer	61_to_73	is	33	cycles
NoP latency for layer	172_to_207	is	356	cycles
NoP latency for layer	31_to_33	is	33	cycles
NoP latency for layer	128_to_147	is	356	cycles
NoP latency for layer	146_to_151	is	356	cycles
NoP latency for layer	142_to_152	is	356	cycles
NoP latency for layer	32_to_46	is	20	cycles
NoP latency for layer	68_to_87	is	324	cycles
NoP latency for layer	108_to_148	is	362	cycles
NoP latency for layer	28_to_29	is	213	cycles
NoP latency for layer	90_to_113	is	32	cycles
NoP latency for layer	152_to_60	is	390	cycles
NoP latency for layer	189_to_209	is	356	cycles
NoP latency for layer	163_to_165	is	43	cycles
NoP latency for layer	177_to_209	is	356	cycles
NoP latency for layer	0_to_3	is	33	cycles
NoP latency for layer	100_to_147	is	362	cycles
NoP latency for layer	120_to_148	is	356	cycles
NoP latency for layer	36_to_57	is	324	cycles
NoP latency for layer	178_to_211	is	356	cycles
NoP latency for layer	113_to_150	is	362	cycles
NoP latency for layer	157_to_164	is	71	cycles
NoP latency for layer	186_to_211	is	356	cycles
NoP latency for layer	182_to_212	is	356	cycles
NoP latency for layer	32_to_48	is	20	cycles
NoP latency for layer	62_to_74	is	20	cycles
NoP latency for layer	32_to_34	is	20	cycles
NoP latency for layer	157_to_175	is	71	cycles
NoP latency for layer	192_to_207	is	356	cycles
NoP latency for layer	90_to_97	is	368	cycles
NoP latency for layer	133_to_149	is	356	cycles
NoP latency for layer	1_to_13	is	33	cycles
NoP latency for layer	60_to_81	is	33	cycles
NoP latency for layer	157_to_172	is	71	cycles
NoP latency for layer	114_to_151	is	362	cycles
NoP latency for layer	110_to_152	is	362	cycles
NoP latency for layer	218_to_27	is	385	cycles
NoP latency for layer	1_to_7	is	33	cycles
NoP latency for layer	181_to_210	is	356	cycles
NoP latency for layer	0_to_13	is	33	cycles
NoP latency for layer	61_to_81	is	33	cycles
NoP latency for layer	91_to_90	is	362	cycles
NoP latency for layer	164_to_208	is	356	cycles
NoP latency for layer	151_to_154	is	356	cycles
NoP latency for layer	32_to_50	is	20	cycles
NoP latency for layer	148_to_62	is	390	cycles
NoP latency for layer	1_to_9	is	33	cycles
NoP latency for layer	141_to_150	is	356	cycles
NoP latency for layer	98_to_87	is	329	cycles
NoP latency for layer	90_to_105	is	32	cycles
NoP latency for layer	90_to_99	is	56	cycles
NoP latency for layer	138_to_152	is	356	cycles
NoP latency for layer	2_to_26	is	20	cycles
NoP latency for layer	162_to_212	is	386	cycles
NoP latency for layer	166_to_211	is	356	cycles
NoP latency for layer	0_to_21	is	33	cycles
NoP latency for layer	209_to_214	is	356	cycles
NoP latency for layer	97_to_127	is	42	cycles
NoP latency for layer	267_to_2	is	391	cycles
NoP latency for layer	209_to_213	is	356	cycles
NoP latency for layer	61_to_65	is	33	cycles
NoP latency for layer	97_to_120	is	42	cycles
NoP latency for layer	212_to_30	is	324	cycles
NoP latency for layer	2_to_14	is	20	cycles
NoP latency for layer	216_to_28	is	337	cycles
NoP latency for layer	2_to_4	is	20	cycles
NoP latency for layer	62_to_86	is	20	cycles
NoP latency for layer	60_to_65	is	33	cycles
NoP latency for layer	125_to_150	is	356	cycles
NoP latency for layer	157_to_196	is	66	cycles
NoP latency for layer	195_to_198	is	21	cycles
NoP latency for layer	169_to_209	is	356	cycles
NoP latency for layer	136_to_147	is	356	cycles
NoP latency for layer	157_to_191	is	71	cycles
NoP latency for layer	116_to_148	is	356	cycles
NoP latency for layer	48_to_57	is	324	cycles
NoP latency for layer	1_to_21	is	33	cycles
NoP latency for layer	96_to_88	is	337	cycles
NoP latency for layer	141_to_149	is	356	cycles
NoP latency for layer	128_to_148	is	356	cycles
NoP latency for layer	0_to_5	is	33	cycles
NoP latency for layer	213_to_216	is	1378	cycles
NoP latency for layer	108_to_147	is	362	cycles
NoP latency for layer	6_to_27	is	324	cycles
NoP latency for layer	62_to_72	is	20	cycles
NoP latency for layer	174_to_212	is	356	cycles
NoP latency for layer	170_to_211	is	356	cycles
NoP latency for layer	24_to_27	is	324	cycles
NoP latency for layer	64_to_87	is	324	cycles
NoP latency for layer	100_to_148	is	362	cycles
NoP latency for layer	42_to_57	is	324	cycles
NoP latency for layer	217_to_260	is	42	cycles
NoP latency for layer	120_to_147	is	356	cycles
NoP latency for layer	32_to_40	is	20	cycles
NoP latency for layer	181_to_209	is	356	cycles
NoP latency for layer	133_to_150	is	356	cycles
NoP latency for layer	90_to_115	is	56	cycles
NoP latency for layer	157_to_200	is	66	cycles
NoP latency for layer	169_to_210	is	356	cycles
NoP latency for layer	217_to_252	is	42	cycles
NoP latency for layer	269_to_0	is	324	cycles
NoP latency for layer	102_to_151	is	362	cycles
NoP latency for layer	106_to_152	is	362	cycles
NoP latency for layer	150_to_61	is	390	cycles
NoP latency for layer	40_to_57	is	324	cycles
NoP latency for layer	125_to_149	is	356	cycles
NoP latency for layer	66_to_87	is	324	cycles
NoP latency for layer	184_to_207	is	356	cycles
NoP latency for layer	61_to_75	is	33	cycles
NoP latency for layer	31_to_35	is	33	cycles
NoP latency for layer	30_to_47	is	33	cycles
NoP latency for layer	217_to_255	is	42	cycles
NoP latency for layer	157_to_188	is	71	cycles
NoP latency for layer	31_to_49	is	33	cycles
NoP latency for layer	144_to_147	is	356	cycles
NoP latency for layer	30_to_35	is	33	cycles
NoP latency for layer	60_to_75	is	33	cycles
NoP latency for layer	38_to_57	is	324	cycles
NoP latency for layer	30_to_49	is	33	cycles
NoP latency for layer	31_to_47	is	33	cycles
NoP latency for layer	26_to_27	is	324	cycles
NoP latency for layer	97_to_139	is	42	cycles
NoP latency for layer	4_to_27	is	324	cycles
NoP latency for layer	172_to_208	is	356	cycles
NoP latency for layer	147_to_154	is	356	cycles
NoP latency for layer	31_to_51	is	33	cycles
NoP latency for layer	161_to_209	is	386	cycles
NoP latency for layer	62_to_80	is	20	cycles
NoP latency for layer	97_to_128	is	42	cycles
NoP latency for layer	60_to_63	is	33	cycles
NoP latency for layer	59_to_60	is	127	cycles
NoP latency for layer	44_to_57	is	324	cycles
NoP latency for layer	93_to_96	is	1378	cycles
NoP latency for layer	22_to_27	is	324	cycles
NoP latency for layer	157_to_199	is	66	cycles
NoP latency for layer	105_to_150	is	362	cycles
NoP latency for layer	195_to_197	is	21	cycles
NoP latency for layer	190_to_211	is	356	cycles
NoP latency for layer	194_to_212	is	356	cycles
NoP latency for layer	217_to_244	is	42	cycles
NoP latency for layer	136_to_148	is	356	cycles
NoP latency for layer	217_to_243	is	42	cycles
NoP latency for layer	30_to_51	is	33	cycles
NoP latency for layer	116_to_147	is	356	cycles
NoP latency for layer	61_to_63	is	33	cycles
NoP latency for layer	2_to_12	is	20	cycles
NoP latency for layer	32_to_56	is	20	cycles
NoP latency for layer	20_to_27	is	324	cycles
NoP latency for layer	214_to_29	is	1249	cycles
NoP latency for layer	192_to_208	is	356	cycles
NoP latency for layer	210_to_31	is	324	cycles
NoP latency for layer	0_to_15	is	33	cycles
NoP latency for layer	90_to_103	is	56	cycles
NoP latency for layer	134_to_151	is	356	cycles
NoP latency for layer	130_to_152	is	356	cycles
NoP latency for layer	29_to_30	is	127	cycles
NoP latency for layer	2_to_20	is	20	cycles
NoP latency for layer	113_to_149	is	362	cycles
NoP latency for layer	94_to_89	is	1272	cycles
NoP latency for layer	164_to_207	is	356	cycles
NoP latency for layer	177_to_210	is	356	cycles
NoP latency for layer	46_to_57	is	324	cycles
NoP latency for layer	118_to_152	is	356	cycles
NoP latency for layer	189_to_210	is	356	cycles
NoP latency for layer	62_to_64	is	20	cycles
NoP latency for layer	1_to_15	is	33	cycles
NoP latency for layer	61_to_69	is	33	cycles
NoP latency for layer	62_to_84	is	20	cycles
NoP latency for layer	2_to_18	is	20	cycles
NoP latency for layer	60_to_67	is	33	cycles
NoP latency for layer	31_to_55	is	33	cycles
NoP latency for layer	2_to_8	is	20	cycles
NoP latency for layer	84_to_87	is	324	cycles
NoP latency for layer	165_to_209	is	356	cycles
NoP latency for layer	129_to_150	is	356	cycles
NoP latency for layer	1_to_23	is	33	cycles
NoP latency for layer	132_to_148	is	356	cycles
NoP latency for layer	211_to_214	is	356	cycles
NoP latency for layer	215_to_217	is	356	cycles
NoP latency for layer	0_to_23	is	33	cycles
NoP latency for layer	112_to_147	is	362	cycles
NoP latency for layer	61_to_67	is	33	cycles
NoP latency for layer	93_to_95	is	1378	cycles
NoP latency for layer	2_to_16	is	20	cycles
NoP latency for layer	56_to_57	is	324	cycles
NoP latency for layer	60_to_69	is	33	cycles
NoP latency for layer	211_to_213	is	356	cycles
NoP latency for layer	101_to_150	is	362	cycles
NoP latency for layer	70_to_87	is	324	cycles
NoP latency for layer	194_to_211	is	356	cycles
NoP latency for layer	30_to_55	is	33	cycles
NoP latency for layer	217_to_247	is	42	cycles
NoP latency for layer	190_to_212	is	356	cycles
NoP latency for layer	2_to_6	is	20	cycles
NoP latency for layer	0_to_11	is	33	cycles
NoP latency for layer	61_to_83	is	33	cycles
NoP latency for layer	130_to_151	is	356	cycles
NoP latency for layer	134_to_152	is	356	cycles
NoP latency for layer	32_to_52	is	20	cycles
NoP latency for layer	154_to_59	is	1402	cycles
NoP latency for layer	117_to_149	is	356	cycles
NoP latency for layer	149_to_154	is	356	cycles
NoP latency for layer	157_to_179	is	71	cycles
NoP latency for layer	72_to_87	is	324	cycles
NoP latency for layer	90_to_107	is	56	cycles
NoP latency for layer	54_to_57	is	324	cycles
NoP latency for layer	168_to_208	is	356	cycles
NoP latency for layer	2_to_24	is	20	cycles
NoP latency for layer	173_to_210	is	356	cycles
NoP latency for layer	118_to_151	is	356	cycles
NoP latency for layer	115_to_117	is	21	cycles
NoP latency for layer	90_to_109	is	32	cycles
NoP latency for layer	90_to_95	is	1392	cycles
NoP latency for layer	1_to_11	is	33	cycles
NoP latency for layer	18_to_27	is	324	cycles
NoP latency for layer	60_to_83	is	33	cycles
NoP latency for layer	97_to_119	is	42	cycles
NoP latency for layer	160_to_207	is	386	cycles
NoP latency for layer	86_to_87	is	324	cycles
NoP latency for layer	1_to_5	is	33	cycles
NoP latency for layer	50_to_57	is	324	cycles
NoP latency for layer	170_to_212	is	356	cycles
NoP latency for layer	174_to_211	is	356	cycles
NoP latency for layer	76_to_87	is	324	cycles
NoP latency for layer	145_to_149	is	356	cycles
NoP latency for layer	62_to_76	is	20	cycles
NoP latency for layer	32_to_36	is	20	cycles
NoP latency for layer	185_to_209	is	356	cycles
NoP latency for layer	82_to_87	is	324	cycles
NoP latency for layer	217_to_264	is	42	cycles
NoP latency for layer	157_to_168	is	71	cycles
NoP latency for layer	32_to_44	is	20	cycles
NoP latency for layer	137_to_150	is	356	cycles
NoP latency for layer	62_to_78	is	20	cycles
NoP latency for layer	157_to_203	is	66	cycles
NoP latency for layer	32_to_38	is	20	cycles
NoP latency for layer	104_to_148	is	362	cycles
NoP latency for layer	90_to_111	is	56	cycles
NoP latency for layer	157_to_204	is	66	cycles
NoP latency for layer	124_to_147	is	356	cycles
NoP latency for layer	217_to_263	is	42	cycles
NoP latency for layer	180_to_207	is	356	cycles
NoP latency for layer	217_to_256	is	42	cycles
NoP latency for layer	80_to_87	is	324	cycles
NoP latency for layer	217_to_251	is	42	cycles
NoP latency for layer	30_to_43	is	33	cycles
NoP latency for layer	106_to_151	is	362	cycles
NoP latency for layer	102_to_152	is	362	cycles
NoP latency for layer	193_to_210	is	356	cycles
NoP latency for layer	121_to_149	is	356	cycles
NoP latency for layer	61_to_71	is	33	cycles
NoP latency for layer	89_to_90	is	285	cycles
NoP latency for layer	74_to_87	is	324	cycles
NoP latency for layer	31_to_43	is	33	cycles
NoP latency for layer	188_to_208	is	356	cycles
NoP latency for layer	52_to_57	is	324	cycles
NoP latency for layer	60_to_71	is	33	cycles
NoP latency for layer	176_to_208	is	356	cycles
NoP latency for layer	140_to_147	is	356	cycles
NoP latency for layer	109_to_149	is	362	cycles
NoP latency for layer	137_to_149	is	356	cycles
NoP latency for layer	90_to_93	is	362	cycles
NoP latency for layer	87_to_88	is	164	cycles
NoP latency for layer	157_to_171	is	71	cycles
NoP latency for layer	110_to_151	is	362	cycles
NoP latency for layer	114_to_152	is	362	cycles
NoP latency for layer	58_to_59	is	213	cycles
NoP latency for layer	185_to_210	is	356	cycles
NoP latency for layer	157_to_176	is	71	cycles
NoP latency for layer	14_to_27	is	324	cycles
NoP latency for layer	1_to_3	is	33	cycles
NoP latency for layer	0_to_19	is	33	cycles
NoP latency for layer	62_to_66	is	20	cycles
NoP latency for layer	60_to_85	is	33	cycles
NoP latency for layer	1_to_17	is	33	cycles
NoP latency for layer	158_to_57	is	396	cycles
NoP latency for layer	168_to_207	is	356	cycles
NoP latency for layer	32_to_54	is	20	cycles
NoP latency for layer	115_to_118	is	21	cycles
NoP latency for layer	61_to_85	is	33	cycles
NoP latency for layer	0_to_17	is	33	cycles
NoP latency for layer	62_to_68	is	20	cycles
NoP latency for layer	138_to_151	is	356	cycles
NoP latency for layer	1_to_19	is	33	cycles
NoP latency for layer	90_to_101	is	32	cycles
NoP latency for layer	97_to_116	is	42	cycles
NoP latency for layer	2_to_22	is	20	cycles
NoP latency for layer	160_to_208	is	386	cycles
NoP latency for layer	145_to_150	is	356	cycles
NoP latency for layer	0_to_25	is	33	cycles
NoP latency for layer	57_to_58	is	164	cycles
NoP latency for layer	97_to_123	is	42	cycles
NoP latency for layer	88_to_89	is	213	cycles
NoP latency for layer	268_to_1	is	391	cycles
NoP latency for layer	166_to_212	is	356	cycles
NoP latency for layer	162_to_211	is	386	cycles
NoP latency for layer	109_to_150	is	362	cycles
NoP latency for layer	156_to_58	is	361	cycles
NoP latency for layer	30_to_53	is	33	cycles
NoP latency for layer	2_to_10	is	20	cycles
NoP latency for layer	97_to_124	is	42	cycles
NoP latency for layer	31_to_53	is	33	cycles
NoP latency for layer	157_to_192	is	71	cycles
NoP latency for layer	132_to_147	is	356	cycles
NoP latency for layer	215_to_218	is	356	cycles
NoP latency for layer	112_to_148	is	362	cycles
NoP latency for layer	62_to_82	is	20	cycles
NoP latency for layer	121_to_150	is	356	cycles
NoP latency for layer	1_to_25	is	33	cycles
NoP latency for layer	193_to_209	is	356	cycles
NoP latency for layer	157_to_195	is	71	cycles
NoP latency for layer	16_to_27	is	324	cycles
NoP latency for layer	217_to_248	is	42	cycles
NoP latency for layer	30_to_37	is	33	cycles
NoP latency for layer	180_to_208	is	356	cycles
NoP latency for layer	60_to_77	is	33	cycles
NoP latency for layer	61_to_79	is	33	cycles
NoP latency for layer	78_to_87	is	324	cycles
NoP latency for layer	31_to_39	is	33	cycles
NoP latency for layer	217_to_259	is	42	cycles
NoP latency for layer	97_to_140	is	42	cycles
NoP latency for layer	157_to_184	is	71	cycles
NoP latency for layer	153_to_156	is	1378	cycles
NoP latency for layer	31_to_45	is	33	cycles
NoP latency for layer	101_to_149	is	362	cycles
NoP latency for layer	157_to_183	is	71	cycles
NoP latency for layer	126_to_151	is	356	cycles
NoP latency for layer	122_to_152	is	356	cycles
NoP latency for layer	12_to_27	is	324	cycles
NoP latency for layer	188_to_207	is	356	cycles
NoP latency for layer	97_to_135	is	42	cycles
NoP latency for layer	176_to_207	is	356	cycles
NoP latency for layer	30_to_39	is	33	cycles
NoP latency for layer	140_to_148	is	356	cycles
NoP latency for layer	129_to_149	is	356	cycles
NoP latency for layer	97_to_132	is	42	cycles
NoP latency for layer	60_to_79	is	33	cycles
NoP latency for layer	61_to_77	is	33	cycles
NoP latency for layer	31_to_37	is	33	cycles
NoP latency for layer	30_to_45	is	33	cycles
NoP latency for layer	165_to_210	is	356	cycles
NoP latency for layer	163_to_166	is	43	cycles
NoP latency for layer	10_to_27	is	324	cycles
NoP latency for layer	32_to_42	is	20	cycles
NoP latency for layer	173_to_209	is	356	cycles
NoP latency for layer	142_to_151	is	356	cycles
NoP latency for layer	146_to_152	is	356	cycles
NoP latency for layer	0_to_9	is	33	cycles
NoP latency for layer	178_to_212	is	356	cycles
NoP latency for layer	207_to_213	is	356	cycles
NoP latency for layer	157_to_167	is	71	cycles
NoP latency for layer	117_to_150	is	356	cycles
NoP latency for layer	182_to_211	is	356	cycles
NoP latency for layer	186_to_212	is	356	cycles
NoP latency for layer	0_to_7	is	33	cycles
NoP latency for layer	104_to_147	is	362	cycles
NoP latency for layer	62_to_70	is	20	cycles
NoP latency for layer	124_to_148	is	356	cycles
NoP latency for layer	207_to_214	is	356	cycles
