NoP latency for layer	30_to_45	is	42	cycles
NoP latency for layer	61_to_77	is	42	cycles
NoP latency for layer	31_to_37	is	42	cycles
NoP latency for layer	30_to_39	is	42	cycles
NoP latency for layer	60_to_79	is	42	cycles
NoP latency for layer	90_to_0	is	356	cycles
NoP latency for layer	12_to_27	is	362	cycles
NoP latency for layer	1_to_15	is	49	cycles
NoP latency for layer	0_to_15	is	49	cycles
NoP latency for layer	31_to_45	is	42	cycles
NoP latency for layer	2_to_20	is	27	cycles
NoP latency for layer	61_to_79	is	42	cycles
NoP latency for layer	31_to_39	is	42	cycles
NoP latency for layer	78_to_87	is	356	cycles
NoP latency for layer	30_to_37	is	42	cycles
NoP latency for layer	60_to_77	is	42	cycles
NoP latency for layer	62_to_70	is	21	cycles
NoP latency for layer	2_to_12	is	27	cycles
NoP latency for layer	32_to_42	is	21	cycles
NoP latency for layer	10_to_27	is	362	cycles
NoP latency for layer	62_to_68	is	21	cycles
NoP latency for layer	61_to_85	is	42	cycles
NoP latency for layer	32_to_54	is	21	cycles
NoP latency for layer	4_to_27	is	362	cycles
NoP latency for layer	60_to_85	is	42	cycles
NoP latency for layer	62_to_66	is	21	cycles
NoP latency for layer	14_to_27	is	362	cycles
NoP latency for layer	16_to_27	is	362	cycles
NoP latency for layer	62_to_82	is	21	cycles
NoP latency for layer	31_to_53	is	42	cycles
NoP latency for layer	0_to_5	is	49	cycles
NoP latency for layer	30_to_53	is	42	cycles
NoP latency for layer	6_to_27	is	362	cycles
NoP latency for layer	62_to_78	is	21	cycles
NoP latency for layer	32_to_38	is	21	cycles
NoP latency for layer	32_to_44	is	21	cycles
NoP latency for layer	1_to_21	is	49	cycles
NoP latency for layer	82_to_87	is	356	cycles
NoP latency for layer	62_to_76	is	21	cycles
NoP latency for layer	32_to_36	is	21	cycles
NoP latency for layer	0_to_21	is	49	cycles
NoP latency for layer	2_to_4	is	27	cycles
NoP latency for layer	76_to_87	is	356	cycles
NoP latency for layer	2_to_14	is	27	cycles
NoP latency for layer	50_to_57	is	356	cycles
NoP latency for layer	1_to_9	is	49	cycles
NoP latency for layer	0_to_13	is	49	cycles
NoP latency for layer	52_to_57	is	356	cycles
NoP latency for layer	60_to_71	is	42	cycles
NoP latency for layer	31_to_43	is	42	cycles
NoP latency for layer	2_to_26	is	27	cycles
NoP latency for layer	74_to_87	is	356	cycles
NoP latency for layer	61_to_71	is	42	cycles
NoP latency for layer	30_to_43	is	42	cycles
NoP latency for layer	80_to_87	is	356	cycles
NoP latency for layer	1_to_7	is	49	cycles
NoP latency for layer	1_to_13	is	49	cycles
NoP latency for layer	70_to_87	is	356	cycles
NoP latency for layer	30_to_55	is	42	cycles
NoP latency for layer	60_to_69	is	42	cycles
NoP latency for layer	56_to_57	is	356	cycles
NoP latency for layer	0_to_3	is	49	cycles
NoP latency for layer	61_to_67	is	42	cycles
NoP latency for layer	84_to_87	is	356	cycles
NoP latency for layer	31_to_55	is	42	cycles
NoP latency for layer	60_to_67	is	42	cycles
NoP latency for layer	62_to_84	is	21	cycles
NoP latency for layer	61_to_69	is	42	cycles
NoP latency for layer	86_to_87	is	356	cycles
NoP latency for layer	18_to_27	is	362	cycles
NoP latency for layer	60_to_83	is	42	cycles
NoP latency for layer	54_to_57	is	356	cycles
NoP latency for layer	72_to_87	is	356	cycles
NoP latency for layer	32_to_52	is	21	cycles
NoP latency for layer	8_to_27	is	362	cycles
NoP latency for layer	61_to_83	is	42	cycles
NoP latency for layer	61_to_63	is	42	cycles
NoP latency for layer	0_to_7	is	49	cycles
NoP latency for layer	30_to_51	is	42	cycles
NoP latency for layer	22_to_27	is	362	cycles
NoP latency for layer	59_to_60	is	362	cycles
NoP latency for layer	44_to_57	is	356	cycles
NoP latency for layer	60_to_63	is	42	cycles
NoP latency for layer	62_to_80	is	21	cycles
NoP latency for layer	0_to_9	is	49	cycles
NoP latency for layer	31_to_51	is	42	cycles
NoP latency for layer	62_to_64	is	21	cycles
NoP latency for layer	46_to_57	is	356	cycles
NoP latency for layer	29_to_30	is	356	cycles
NoP latency for layer	20_to_27	is	362	cycles
NoP latency for layer	32_to_56	is	21	cycles
NoP latency for layer	32_to_40	is	21	cycles
NoP latency for layer	42_to_57	is	356	cycles
NoP latency for layer	1_to_25	is	49	cycles
NoP latency for layer	64_to_87	is	356	cycles
NoP latency for layer	0_to_25	is	49	cycles
NoP latency for layer	24_to_27	is	362	cycles
NoP latency for layer	62_to_72	is	21	cycles
NoP latency for layer	2_to_10	is	27	cycles
NoP latency for layer	0_to_17	is	49	cycles
NoP latency for layer	26_to_27	is	362	cycles
NoP latency for layer	1_to_19	is	49	cycles
NoP latency for layer	31_to_47	is	42	cycles
NoP latency for layer	30_to_49	is	42	cycles
NoP latency for layer	2_to_22	is	27	cycles
NoP latency for layer	38_to_57	is	356	cycles
NoP latency for layer	30_to_35	is	42	cycles
NoP latency for layer	60_to_75	is	42	cycles
NoP latency for layer	31_to_49	is	42	cycles
NoP latency for layer	30_to_47	is	42	cycles
NoP latency for layer	61_to_75	is	42	cycles
NoP latency for layer	31_to_35	is	42	cycles
NoP latency for layer	66_to_87	is	356	cycles
NoP latency for layer	0_to_19	is	49	cycles
NoP latency for layer	1_to_3	is	49	cycles
NoP latency for layer	40_to_57	is	356	cycles
NoP latency for layer	1_to_17	is	49	cycles
NoP latency for layer	32_to_50	is	21	cycles
NoP latency for layer	61_to_81	is	42	cycles
NoP latency for layer	60_to_81	is	42	cycles
NoP latency for layer	48_to_57	is	356	cycles
NoP latency for layer	60_to_65	is	42	cycles
NoP latency for layer	62_to_86	is	21	cycles
NoP latency for layer	61_to_65	is	42	cycles
NoP latency for layer	61_to_73	is	42	cycles
NoP latency for layer	31_to_33	is	42	cycles
NoP latency for layer	30_to_41	is	42	cycles
NoP latency for layer	1_to_5	is	49	cycles
NoP latency for layer	1_to_11	is	49	cycles
NoP latency for layer	0_to_11	is	49	cycles
NoP latency for layer	30_to_33	is	42	cycles
NoP latency for layer	60_to_73	is	42	cycles
NoP latency for layer	31_to_41	is	42	cycles
NoP latency for layer	2_to_24	is	27	cycles
NoP latency for layer	34_to_57	is	356	cycles
NoP latency for layer	62_to_74	is	21	cycles
NoP latency for layer	32_to_34	is	21	cycles
NoP latency for layer	32_to_48	is	21	cycles
NoP latency for layer	0_to_23	is	49	cycles
NoP latency for layer	36_to_57	is	356	cycles
NoP latency for layer	2_to_6	is	27	cycles
NoP latency for layer	2_to_16	is	27	cycles
NoP latency for layer	2_to_8	is	27	cycles
NoP latency for layer	2_to_18	is	27	cycles
NoP latency for layer	32_to_46	is	21	cycles
NoP latency for layer	68_to_87	is	356	cycles
NoP latency for layer	1_to_23	is	49	cycles
