NoP latency for layer	138_to_150	is	80	cycles
NoP latency for layer	308_to_312	is	66	cycles
NoP latency for layer	274_to_288	is	89	cycles
NoP latency for layer	137_to_141	is	58	cycles
NoP latency for layer	326_to_333	is	295	cycles
NoP latency for layer	104_to_122	is	80	cycles
NoP latency for layer	36_to_56	is	89	cycles
NoP latency for layer	86_to_95	is	351	cycles
NoP latency for layer	69_to_81	is	75	cycles
NoP latency for layer	204_to_219	is	50	cycles
NoP latency for layer	24_to_27	is	318	cycles
NoP latency for layer	374_to_381	is	58	cycles
NoP latency for layer	216_to_231	is	300	cycles
NoP latency for layer	239_to_253	is	50	cycles
NoP latency for layer	70_to_78	is	102	cycles
NoP latency for layer	332_to_333	is	295	cycles
NoP latency for layer	120_to_129	is	318	cycles
NoP latency for layer	205_to_221	is	50	cycles
NoP latency for layer	240_to_256	is	72	cycles
NoP latency for layer	52_to_61	is	318	cycles
NoP latency for layer	180_to_197	is	343	cycles
NoP latency for layer	72_to_95	is	351	cycles
NoP latency for layer	390_to_401	is	318	cycles
NoP latency for layer	2_to_12	is	89	cycles
NoP latency for layer	172_to_192	is	95	cycles
NoP latency for layer	70_to_76	is	102	cycles
NoP latency for layer	140_to_163	is	318	cycles
NoP latency for layer	240_to_258	is	72	cycles
NoP latency for layer	194_to_197	is	343	cycles
NoP latency for layer	384_to_401	is	318	cycles
NoP latency for layer	273_to_291	is	63	cycles
NoP latency for layer	236_to_237	is	26	cycles
NoP latency for layer	274_to_286	is	89	cycles
NoP latency for layer	154_to_163	is	318	cycles
NoP latency for layer	171_to_181	is	68	cycles
NoP latency for layer	108_to_129	is	318	cycles
NoP latency for layer	36_to_58	is	89	cycles
NoP latency for layer	68_to_81	is	75	cycles
NoP latency for layer	340_to_351	is	45	cycles
NoP latency for layer	204_to_217	is	50	cycles
NoP latency for layer	273_to_275	is	63	cycles
NoP latency for layer	294_to_299	is	318	cycles
NoP latency for layer	376_to_396	is	80	cycles
NoP latency for layer	136_to_139	is	58	cycles
NoP latency for layer	35_to_51	is	63	cycles
NoP latency for layer	344_to_367	is	295	cycles
NoP latency for layer	260_to_265	is	300	cycles
NoP latency for layer	2_to_20	is	89	cycles
NoP latency for layer	136_to_145	is	58	cycles
NoP latency for layer	0_to_15	is	63	cycles
NoP latency for layer	340_to_363	is	45	cycles
NoP latency for layer	103_to_109	is	58	cycles
NoP latency for layer	204_to_225	is	50	cycles
NoP latency for layer	280_to_299	is	318	cycles
NoP latency for layer	1_to_3	is	63	cycles
NoP latency for layer	70_to_92	is	102	cycles
NoP latency for layer	172_to_176	is	95	cycles
NoP latency for layer	375_to_385	is	58	cycles
NoP latency for layer	350_to_367	is	295	cycles
NoP latency for layer	97_to_98	is	286	cycles
NoP latency for layer	342_to_348	is	66	cycles
NoP latency for layer	238_to_257	is	50	cycles
NoP latency for layer	26_to_27	is	318	cycles
NoP latency for layer	104_to_110	is	80	cycles
NoP latency for layer	84_to_95	is	351	cycles
NoP latency for layer	103_to_107	is	58	cycles
NoP latency for layer	1_to_15	is	63	cycles
NoP latency for layer	172_to_178	is	95	cycles
NoP latency for layer	308_to_320	is	66	cycles
NoP latency for layer	202_to_203	is	55	cycles
NoP latency for layer	138_to_162	is	80	cycles
NoP latency for layer	342_to_346	is	66	cycles
NoP latency for layer	248_to_265	is	300	cycles
NoP latency for layer	238_to_259	is	50	cycles
NoP latency for layer	307_to_331	is	45	cycles
NoP latency for layer	50_to_61	is	318	cycles
NoP latency for layer	170_to_185	is	68	cycles
NoP latency for layer	341_to_355	is	45	cycles
NoP latency for layer	240_to_264	is	72	cycles
NoP latency for layer	376_to_398	is	80	cycles
NoP latency for layer	205_to_213	is	50	cycles
NoP latency for layer	272_to_295	is	63	cycles
NoP latency for layer	306_to_309	is	45	cycles
NoP latency for layer	239_to_261	is	50	cycles
NoP latency for layer	34_to_51	is	63	cycles
NoP latency for layer	307_to_327	is	45	cycles
NoP latency for layer	342_to_350	is	66	cycles
NoP latency for layer	220_to_231	is	300	cycles
NoP latency for layer	206_to_216	is	72	cycles
NoP latency for layer	174_to_197	is	343	cycles
NoP latency for layer	6_to_27	is	318	cycles
NoP latency for layer	116_to_129	is	318	cycles
NoP latency for layer	103_to_111	is	58	cycles
NoP latency for layer	104_to_106	is	80	cycles
NoP latency for layer	34_to_47	is	63	cycles
NoP latency for layer	74_to_95	is	351	cycles
NoP latency for layer	69_to_73	is	75	cycles
NoP latency for layer	272_to_283	is	63	cycles
NoP latency for layer	35_to_49	is	63	cycles
NoP latency for layer	310_to_333	is	295	cycles
NoP latency for layer	0_to_9	is	63	cycles
NoP latency for layer	341_to_343	is	45	cycles
NoP latency for layer	170_to_193	is	68	cycles
NoP latency for layer	136_to_153	is	58	cycles
NoP latency for layer	34_to_49	is	63	cycles
NoP latency for layer	208_to_231	is	300	cycles
NoP latency for layer	306_to_311	is	45	cycles
NoP latency for layer	68_to_73	is	75	cycles
NoP latency for layer	35_to_47	is	63	cycles
NoP latency for layer	171_to_173	is	68	cycles
NoP latency for layer	376_to_380	is	80	cycles
NoP latency for layer	162_to_163	is	318	cycles
NoP latency for layer	102_to_127	is	58	cycles
NoP latency for layer	0_to_7	is	63	cycles
NoP latency for layer	54_to_61	is	318	cycles
NoP latency for layer	307_to_329	is	45	cycles
NoP latency for layer	238_to_241	is	50	cycles
NoP latency for layer	375_to_393	is	58	cycles
NoP latency for layer	206_to_218	is	72	cycles
NoP latency for layer	70_to_84	is	102	cycles
NoP latency for layer	104_to_108	is	80	cycles
NoP latency for layer	22_to_27	is	318	cycles
NoP latency for layer	80_to_95	is	351	cycles
NoP latency for layer	29_to_30	is	286	cycles
NoP latency for layer	102_to_115	is	58	cycles
NoP latency for layer	56_to_61	is	318	cycles
NoP latency for layer	375_to_377	is	58	cycles
NoP latency for layer	306_to_323	is	45	cycles
NoP latency for layer	366_to_367	is	295	cycles
NoP latency for layer	172_to_184	is	95	cycles
NoP latency for layer	136_to_161	is	58	cycles
NoP latency for layer	242_to_265	is	300	cycles
NoP latency for layer	374_to_399	is	58	cycles
NoP latency for layer	82_to_95	is	351	cycles
NoP latency for layer	20_to_27	is	318	cycles
NoP latency for layer	340_to_347	is	45	cycles
NoP latency for layer	137_to_159	is	58	cycles
NoP latency for layer	63_to_64	is	286	cycles
NoP latency for layer	274_to_290	is	89	cycles
NoP latency for layer	273_to_287	is	63	cycles
NoP latency for layer	256_to_265	is	300	cycles
NoP latency for layer	138_to_148	is	80	cycles
NoP latency for layer	170_to_179	is	68	cycles
NoP latency for layer	103_to_123	is	58	cycles
NoP latency for layer	340_to_349	is	45	cycles
NoP latency for layer	4_to_27	is	318	cycles
NoP latency for layer	36_to_40	is	89	cycles
NoP latency for layer	137_to_157	is	58	cycles
NoP latency for layer	342_to_362	is	66	cycles
NoP latency for layer	307_to_315	is	45	cycles
NoP latency for layer	206_to_224	is	72	cycles
NoP latency for layer	273_to_289	is	63	cycles
NoP latency for layer	138_to_146	is	80	cycles
NoP latency for layer	170_to_177	is	68	cycles
NoP latency for layer	375_to_379	is	58	cycles
NoP latency for layer	406_to_407	is	55	cycles
NoP latency for layer	239_to_245	is	50	cycles
NoP latency for layer	76_to_95	is	351	cycles
NoP latency for layer	374_to_397	is	58	cycles
NoP latency for layer	364_to_367	is	295	cycles
NoP latency for layer	308_to_326	is	66	cycles
NoP latency for layer	88_to_95	is	351	cycles
NoP latency for layer	104_to_116	is	80	cycles
NoP latency for layer	1_to_13	is	63	cycles
NoP latency for layer	35_to_59	is	63	cycles
NoP latency for layer	272_to_293	is	63	cycles
NoP latency for layer	254_to_265	is	300	cycles
NoP latency for layer	34_to_57	is	63	cycles
NoP latency for layer	170_to_183	is	68	cycles
NoP latency for layer	341_to_353	is	45	cycles
NoP latency for layer	240_to_262	is	72	cycles
NoP latency for layer	205_to_215	is	50	cycles
NoP latency for layer	35_to_57	is	63	cycles
NoP latency for layer	2_to_26	is	89	cycles
NoP latency for layer	136_to_143	is	58	cycles
NoP latency for layer	34_to_59	is	63	cycles
NoP latency for layer	376_to_390	is	80	cycles
NoP latency for layer	375_to_383	is	58	cycles
NoP latency for layer	308_to_328	is	66	cycles
NoP latency for layer	358_to_367	is	295	cycles
NoP latency for layer	206_to_208	is	72	cycles
NoP latency for layer	238_to_251	is	50	cycles
NoP latency for layer	0_to_13	is	63	cycles
NoP latency for layer	340_to_365	is	45	cycles
NoP latency for layer	104_to_118	is	80	cycles
NoP latency for layer	276_to_299	is	318	cycles
NoP latency for layer	204_to_223	is	50	cycles
NoP latency for layer	288_to_299	is	318	cycles
NoP latency for layer	1_to_5	is	63	cycles
NoP latency for layer	70_to_94	is	102	cycles
NoP latency for layer	148_to_163	is	318	cycles
NoP latency for layer	114_to_129	is	318	cycles
NoP latency for layer	205_to_229	is	50	cycles
NoP latency for layer	102_to_105	is	58	cycles
NoP latency for layer	374_to_389	is	58	cycles
NoP latency for layer	188_to_197	is	343	cycles
NoP latency for layer	398_to_401	is	318	cycles
NoP latency for layer	222_to_231	is	300	cycles
NoP latency for layer	2_to_14	is	89	cycles
NoP latency for layer	176_to_197	is	343	cycles
NoP latency for layer	172_to_194	is	95	cycles
NoP latency for layer	2_to_8	is	89	cycles
NoP latency for layer	171_to_187	is	68	cycles
NoP latency for layer	340_to_357	is	45	cycles
NoP latency for layer	272_to_279	is	63	cycles
NoP latency for layer	68_to_87	is	75	cycles
NoP latency for layer	0_to_21	is	63	cycles
NoP latency for layer	69_to_89	is	75	cycles
NoP latency for layer	204_to_211	is	50	cycles
NoP latency for layer	138_to_158	is	80	cycles
NoP latency for layer	273_to_297	is	63	cycles
NoP latency for layer	274_to_280	is	89	cycles
NoP latency for layer	312_to_333	is	295	cycles
NoP latency for layer	137_to_149	is	58	cycles
NoP latency for layer	238_to_263	is	50	cycles
NoP latency for layer	171_to_189	is	68	cycles
NoP latency for layer	36_to_50	is	89	cycles
NoP latency for layer	104_to_124	is	80	cycles
NoP latency for layer	160_to_163	is	318	cycles
NoP latency for layer	68_to_89	is	75	cycles
NoP latency for layer	340_to_359	is	45	cycles
NoP latency for layer	272_to_277	is	63	cycles
NoP latency for layer	1_to_21	is	63	cycles
NoP latency for layer	69_to_87	is	75	cycles
NoP latency for layer	138_to_156	is	80	cycles
NoP latency for layer	308_to_314	is	66	cycles
NoP latency for layer	137_to_147	is	58	cycles
NoP latency for layer	128_to_129	is	318	cycles
NoP latency for layer	341_to_361	is	45	cycles
NoP latency for layer	32_to_33	is	26	cycles
NoP latency for layer	205_to_227	is	50	cycles
NoP latency for layer	240_to_250	is	72	cycles
NoP latency for layer	374_to_387	is	58	cycles
NoP latency for layer	239_to_255	is	50	cycles
NoP latency for layer	2_to_6	is	89	cycles
NoP latency for layer	137_to_151	is	58	cycles
NoP latency for layer	8_to_27	is	318	cycles
NoP latency for layer	346_to_367	is	295	cycles
NoP latency for layer	342_to_364	is	66	cycles
NoP latency for layer	274_to_298	is	89	cycles
NoP latency for layer	307_to_313	is	45	cycles
NoP latency for layer	262_to_265	is	300	cycles
NoP latency for layer	206_to_222	is	72	cycles
NoP latency for layer	138_to_140	is	80	cycles
NoP latency for layer	103_to_125	is	58	cycles
NoP latency for layer	204_to_209	is	50	cycles
NoP latency for layer	69_to_91	is	75	cycles
NoP latency for layer	296_to_299	is	318	cycles
NoP latency for layer	36_to_46	is	89	cycles
NoP latency for layer	352_to_367	is	295	cycles
NoP latency for layer	239_to_243	is	50	cycles
NoP latency for layer	374_to_391	is	58	cycles
NoP latency for layer	240_to_246	is	72	cycles
NoP latency for layer	282_to_299	is	318	cycles
NoP latency for layer	306_to_325	is	45	cycles
NoP latency for layer	172_to_182	is	95	cycles
NoP latency for layer	369_to_370	is	286	cycles
NoP latency for layer	240_to_248	is	72	cycles
NoP latency for layer	102_to_113	is	58	cycles
NoP latency for layer	199_to_200	is	286	cycles
NoP latency for layer	274_to_296	is	89	cycles
NoP latency for layer	273_to_281	is	63	cycles
NoP latency for layer	204_to_207	is	50	cycles
NoP latency for layer	68_to_91	is	75	cycles
NoP latency for layer	171_to_191	is	68	cycles
NoP latency for layer	36_to_48	is	89	cycles
NoP latency for layer	376_to_386	is	80	cycles
NoP latency for layer	102_to_121	is	58	cycles
NoP latency for layer	270_to_271	is	26	cycles
NoP latency for layer	136_to_155	is	58	cycles
NoP latency for layer	408_to_0	is	318	cycles
NoP latency for layer	58_to_61	is	318	cycles
NoP latency for layer	306_to_317	is	45	cycles
NoP latency for layer	68_to_75	is	75	cycles
NoP latency for layer	35_to_41	is	63	cycles
NoP latency for layer	171_to_175	is	68	cycles
NoP latency for layer	324_to_333	is	295	cycles
NoP latency for layer	122_to_129	is	318	cycles
NoP latency for layer	70_to_82	is	102	cycles
NoP latency for layer	103_to_119	is	58	cycles
NoP latency for layer	214_to_231	is	300	cycles
NoP latency for layer	342_to_358	is	66	cycles
NoP latency for layer	238_to_247	is	50	cycles
NoP latency for layer	375_to_395	is	58	cycles
NoP latency for layer	330_to_333	is	295	cycles
NoP latency for layer	142_to_163	is	318	cycles
NoP latency for layer	103_to_117	is	58	cycles
NoP latency for layer	307_to_321	is	45	cycles
NoP latency for layer	182_to_197	is	343	cycles
NoP latency for layer	342_to_356	is	66	cycles
NoP latency for layer	392_to_401	is	318	cycles
NoP latency for layer	228_to_231	is	300	cycles
NoP latency for layer	238_to_249	is	50	cycles
NoP latency for layer	308_to_330	is	66	cycles
NoP latency for layer	206_to_210	is	72	cycles
NoP latency for layer	156_to_163	is	318	cycles
NoP latency for layer	376_to_388	is	80	cycles
NoP latency for layer	78_to_95	is	351	cycles
NoP latency for layer	341_to_345	is	45	cycles
NoP latency for layer	170_to_195	is	68	cycles
NoP latency for layer	196_to_197	is	343	cycles
NoP latency for layer	34_to_41	is	63	cycles
NoP latency for layer	386_to_401	is	318	cycles
NoP latency for layer	306_to_319	is	45	cycles
NoP latency for layer	69_to_75	is	75	cycles
NoP latency for layer	272_to_285	is	63	cycles
NoP latency for layer	378_to_401	is	318	cycles
NoP latency for layer	318_to_333	is	295	cycles
NoP latency for layer	103_to_121	is	58	cycles
NoP latency for layer	356_to_367	is	295	cycles
NoP latency for layer	14_to_27	is	318	cycles
NoP latency for layer	36_to_42	is	89	cycles
NoP latency for layer	342_to_360	is	66	cycles
NoP latency for layer	137_to_155	is	58	cycles
NoP latency for layer	307_to_317	is	45	cycles
NoP latency for layer	278_to_299	is	318	cycles
NoP latency for layer	48_to_61	is	318	cycles
NoP latency for layer	286_to_299	is	318	cycles
NoP latency for layer	206_to_226	is	72	cycles
NoP latency for layer	170_to_175	is	68	cycles
NoP latency for layer	138_to_144	is	80	cycles
NoP latency for layer	240_to_242	is	72	cycles
NoP latency for layer	102_to_119	is	58	cycles
NoP latency for layer	172_to_188	is	95	cycles
NoP latency for layer	239_to_247	is	50	cycles
NoP latency for layer	292_to_299	is	318	cycles
NoP latency for layer	374_to_395	is	58	cycles
NoP latency for layer	102_to_117	is	58	cycles
NoP latency for layer	172_to_186	is	95	cycles
NoP latency for layer	306_to_321	is	45	cycles
NoP latency for layer	239_to_249	is	50	cycles
NoP latency for layer	340_to_345	is	45	cycles
NoP latency for layer	171_to_195	is	68	cycles
NoP latency for layer	307_to_319	is	45	cycles
NoP latency for layer	274_to_292	is	89	cycles
NoP latency for layer	273_to_285	is	63	cycles
NoP latency for layer	206_to_228	is	72	cycles
NoP latency for layer	136_to_151	is	58	cycles
NoP latency for layer	126_to_129	is	318	cycles
NoP latency for layer	306_to_313	is	45	cycles
NoP latency for layer	68_to_71	is	75	cycles
NoP latency for layer	35_to_45	is	63	cycles
NoP latency for layer	205_to_209	is	50	cycles
NoP latency for layer	34_to_37	is	63	cycles
NoP latency for layer	0_to_5	is	63	cycles
NoP latency for layer	102_to_125	is	58	cycles
NoP latency for layer	376_to_382	is	80	cycles
NoP latency for layer	210_to_231	is	300	cycles
NoP latency for layer	274_to_276	is	89	cycles
NoP latency for layer	35_to_39	is	63	cycles
NoP latency for layer	238_to_243	is	50	cycles
NoP latency for layer	375_to_391	is	58	cycles
NoP latency for layer	70_to_86	is	102	cycles
NoP latency for layer	320_to_333	is	295	cycles
NoP latency for layer	307_to_325	is	45	cycles
NoP latency for layer	152_to_163	is	318	cycles
NoP latency for layer	342_to_352	is	66	cycles
NoP latency for layer	206_to_214	is	72	cycles
NoP latency for layer	16_to_27	is	318	cycles
NoP latency for layer	70_to_88	is	102	cycles
NoP latency for layer	192_to_197	is	343	cycles
NoP latency for layer	382_to_401	is	318	cycles
NoP latency for layer	103_to_113	is	58	cycles
NoP latency for layer	34_to_45	is	63	cycles
NoP latency for layer	146_to_163	is	318	cycles
NoP latency for layer	69_to_71	is	75	cycles
NoP latency for layer	272_to_281	is	63	cycles
NoP latency for layer	267_to_268	is	286	cycles
NoP latency for layer	60_to_61	is	318	cycles
NoP latency for layer	205_to_207	is	50	cycles
NoP latency for layer	34_to_39	is	63	cycles
NoP latency for layer	186_to_197	is	343	cycles
NoP latency for layer	274_to_278	is	89	cycles
NoP latency for layer	396_to_401	is	318	cycles
NoP latency for layer	178_to_197	is	343	cycles
NoP latency for layer	170_to_191	is	68	cycles
NoP latency for layer	35_to_37	is	63	cycles
NoP latency for layer	0_to_19	is	63	cycles
NoP latency for layer	104_to_112	is	80	cycles
NoP latency for layer	250_to_265	is	300	cycles
NoP latency for layer	103_to_105	is	58	cycles
NoP latency for layer	204_to_229	is	50	cycles
NoP latency for layer	1_to_17	is	63	cycles
NoP latency for layer	308_to_322	is	66	cycles
NoP latency for layer	375_to_389	is	58	cycles
NoP latency for layer	138_to_160	is	80	cycles
NoP latency for layer	342_to_344	is	66	cycles
NoP latency for layer	170_to_187	is	68	cycles
NoP latency for layer	360_to_367	is	295	cycles
NoP latency for layer	341_to_357	is	45	cycles
NoP latency for layer	273_to_279	is	63	cycles
NoP latency for layer	244_to_265	is	300	cycles
NoP latency for layer	205_to_211	is	50	cycles
NoP latency for layer	272_to_297	is	63	cycles
NoP latency for layer	34_to_53	is	63	cycles
NoP latency for layer	239_to_263	is	50	cycles
NoP latency for layer	136_to_149	is	58	cycles
NoP latency for layer	170_to_189	is	68	cycles
NoP latency for layer	341_to_359	is	45	cycles
NoP latency for layer	273_to_277	is	63	cycles
NoP latency for layer	376_to_394	is	80	cycles
NoP latency for layer	35_to_53	is	63	cycles
NoP latency for layer	2_to_22	is	89	cycles
NoP latency for layer	136_to_147	is	58	cycles
NoP latency for layer	348_to_367	is	295	cycles
NoP latency for layer	340_to_361	is	45	cycles
NoP latency for layer	0_to_17	is	63	cycles
NoP latency for layer	204_to_227	is	50	cycles
NoP latency for layer	12_to_27	is	318	cycles
NoP latency for layer	1_to_19	is	63	cycles
NoP latency for layer	172_to_174	is	95	cycles
NoP latency for layer	70_to_90	is	102	cycles
NoP latency for layer	375_to_387	is	58	cycles
NoP latency for layer	298_to_299	is	318	cycles
NoP latency for layer	238_to_255	is	50	cycles
NoP latency for layer	158_to_163	is	318	cycles
NoP latency for layer	70_to_74	is	102	cycles
NoP latency for layer	172_to_190	is	95	cycles
NoP latency for layer	2_to_10	is	89	cycles
NoP latency for layer	388_to_401	is	318	cycles
NoP latency for layer	316_to_333	is	295	cycles
NoP latency for layer	110_to_129	is	318	cycles
NoP latency for layer	273_to_293	is	63	cycles
NoP latency for layer	274_to_284	is	89	cycles
NoP latency for layer	372_to_373	is	26	cycles
NoP latency for layer	171_to_183	is	68	cycles
NoP latency for layer	226_to_231	is	300	cycles
NoP latency for layer	0_to_25	is	63	cycles
NoP latency for layer	68_to_83	is	75	cycles
NoP latency for layer	10_to_27	is	318	cycles
NoP latency for layer	340_to_353	is	45	cycles
NoP latency for layer	204_to_215	is	50	cycles
NoP latency for layer	138_to_152	is	80	cycles
NoP latency for layer	308_to_310	is	66	cycles
NoP latency for layer	206_to_230	is	72	cycles
NoP latency for layer	137_to_143	is	58	cycles
NoP latency for layer	104_to_120	is	80	cycles
NoP latency for layer	36_to_54	is	89	cycles
NoP latency for layer	69_to_83	is	75	cycles
NoP latency for layer	1_to_25	is	63	cycles
NoP latency for layer	374_to_383	is	58	cycles
NoP latency for layer	239_to_251	is	50	cycles
NoP latency for layer	341_to_365	is	45	cycles
NoP latency for layer	205_to_223	is	50	cycles
NoP latency for layer	240_to_254	is	72	cycles
NoP latency for layer	230_to_231	is	300	cycles
NoP latency for layer	46_to_61	is	318	cycles
NoP latency for layer	103_to_115	is	58	cycles
NoP latency for layer	100_to_101	is	55	cycles
NoP latency for layer	374_to_377	is	58	cycles
NoP latency for layer	314_to_333	is	295	cycles
NoP latency for layer	106_to_129	is	318	cycles
NoP latency for layer	307_to_323	is	45	cycles
NoP latency for layer	137_to_161	is	58	cycles
NoP latency for layer	342_to_354	is	66	cycles
NoP latency for layer	338_to_339	is	26	cycles
NoP latency for layer	206_to_212	is	72	cycles
NoP latency for layer	308_to_332	is	66	cycles
NoP latency for layer	375_to_399	is	58	cycles
NoP latency for layer	92_to_95	is	351	cycles
NoP latency for layer	224_to_231	is	300	cycles
NoP latency for layer	341_to_347	is	45	cycles
NoP latency for layer	131_to_132	is	286	cycles
NoP latency for layer	34_to_43	is	63	cycles
NoP latency for layer	112_to_129	is	318	cycles
NoP latency for layer	136_to_159	is	58	cycles
NoP latency for layer	69_to_77	is	75	cycles
NoP latency for layer	68_to_79	is	75	cycles
NoP latency for layer	272_to_287	is	63	cycles
NoP latency for layer	171_to_179	is	68	cycles
NoP latency for layer	0_to_3	is	63	cycles
NoP latency for layer	102_to_123	is	58	cycles
NoP latency for layer	376_to_384	is	80	cycles
NoP latency for layer	218_to_231	is	300	cycles
NoP latency for layer	341_to_349	is	45	cycles
NoP latency for layer	136_to_157	is	58	cycles
NoP latency for layer	69_to_79	is	75	cycles
NoP latency for layer	306_to_315	is	45	cycles
NoP latency for layer	301_to_302	is	286	cycles
NoP latency for layer	272_to_289	is	63	cycles
NoP latency for layer	68_to_77	is	75	cycles
NoP latency for layer	171_to_177	is	68	cycles
NoP latency for layer	35_to_43	is	63	cycles
NoP latency for layer	70_to_80	is	102	cycles
NoP latency for layer	328_to_333	is	295	cycles
NoP latency for layer	374_to_379	is	58	cycles
NoP latency for layer	238_to_245	is	50	cycles
NoP latency for layer	403_to_404	is	286	cycles
NoP latency for layer	375_to_397	is	58	cycles
NoP latency for layer	172_to_180	is	95	cycles
NoP latency for layer	306_to_327	is	45	cycles
NoP latency for layer	102_to_111	is	58	cycles
NoP latency for layer	252_to_265	is	300	cycles
NoP latency for layer	274_to_294	is	89	cycles
NoP latency for layer	273_to_283	is	63	cycles
NoP latency for layer	362_to_367	is	295	cycles
NoP latency for layer	246_to_265	is	300	cycles
NoP latency for layer	68_to_93	is	75	cycles
NoP latency for layer	340_to_343	is	45	cycles
NoP latency for layer	171_to_193	is	68	cycles
NoP latency for layer	134_to_135	is	26	cycles
NoP latency for layer	342_to_366	is	66	cycles
NoP latency for layer	18_to_27	is	318	cycles
NoP latency for layer	137_to_153	is	58	cycles
NoP latency for layer	307_to_311	is	45	cycles
NoP latency for layer	304_to_305	is	55	cycles
NoP latency for layer	206_to_220	is	72	cycles
NoP latency for layer	36_to_38	is	89	cycles
NoP latency for layer	170_to_173	is	68	cycles
NoP latency for layer	138_to_142	is	80	cycles
NoP latency for layer	103_to_127	is	58	cycles
NoP latency for layer	69_to_93	is	75	cycles
NoP latency for layer	44_to_61	is	318	cycles
NoP latency for layer	36_to_44	is	89	cycles
NoP latency for layer	306_to_329	is	45	cycles
NoP latency for layer	239_to_241	is	50	cycles
NoP latency for layer	335_to_336	is	286	cycles
NoP latency for layer	374_to_393	is	58	cycles
NoP latency for layer	240_to_244	is	72	cycles
NoP latency for layer	90_to_95	is	351	cycles
NoP latency for layer	36_to_52	is	89	cycles
NoP latency for layer	104_to_126	is	80	cycles
NoP latency for layer	272_to_275	is	63	cycles
NoP latency for layer	212_to_231	is	300	cycles
NoP latency for layer	69_to_85	is	75	cycles
NoP latency for layer	1_to_23	is	63	cycles
NoP latency for layer	137_to_139	is	58	cycles
NoP latency for layer	124_to_129	is	318	cycles
NoP latency for layer	138_to_154	is	80	cycles
NoP latency for layer	308_to_316	is	66	cycles
NoP latency for layer	376_to_378	is	80	cycles
NoP latency for layer	137_to_145	is	58	cycles
NoP latency for layer	341_to_363	is	45	cycles
NoP latency for layer	38_to_61	is	318	cycles
NoP latency for layer	205_to_225	is	50	cycles
NoP latency for layer	102_to_109	is	58	cycles
NoP latency for layer	322_to_333	is	295	cycles
NoP latency for layer	240_to_252	is	72	cycles
NoP latency for layer	374_to_385	is	58	cycles
NoP latency for layer	239_to_257	is	50	cycles
NoP latency for layer	2_to_4	is	89	cycles
NoP latency for layer	2_to_18	is	89	cycles
NoP latency for layer	190_to_197	is	343	cycles
NoP latency for layer	66_to_67	is	26	cycles
NoP latency for layer	94_to_95	is	351	cycles
NoP latency for layer	380_to_401	is	318	cycles
NoP latency for layer	102_to_107	is	58	cycles
NoP latency for layer	150_to_163	is	318	cycles
NoP latency for layer	239_to_259	is	50	cycles
NoP latency for layer	70_to_72	is	102	cycles
NoP latency for layer	172_to_196	is	95	cycles
NoP latency for layer	2_to_16	is	89	cycles
NoP latency for layer	306_to_331	is	45	cycles
NoP latency for layer	104_to_128	is	80	cycles
NoP latency for layer	40_to_61	is	318	cycles
NoP latency for layer	168_to_169	is	26	cycles
NoP latency for layer	171_to_185	is	68	cycles
NoP latency for layer	184_to_197	is	343	cycles
NoP latency for layer	0_to_23	is	63	cycles
NoP latency for layer	340_to_355	is	45	cycles
NoP latency for layer	394_to_401	is	318	cycles
NoP latency for layer	68_to_85	is	75	cycles
NoP latency for layer	204_to_213	is	50	cycles
NoP latency for layer	118_to_129	is	318	cycles
NoP latency for layer	144_to_163	is	318	cycles
NoP latency for layer	308_to_318	is	66	cycles
NoP latency for layer	273_to_295	is	63	cycles
NoP latency for layer	307_to_309	is	45	cycles
NoP latency for layer	376_to_400	is	80	cycles
NoP latency for layer	274_to_282	is	89	cycles
NoP latency for layer	238_to_261	is	50	cycles
NoP latency for layer	35_to_55	is	63	cycles
NoP latency for layer	2_to_24	is	89	cycles
NoP latency for layer	284_to_299	is	318	cycles
NoP latency for layer	136_to_141	is	58	cycles
NoP latency for layer	165_to_166	is	286	cycles
NoP latency for layer	354_to_367	is	295	cycles
NoP latency for layer	400_to_401	is	318	cycles
NoP latency for layer	205_to_219	is	50	cycles
NoP latency for layer	376_to_392	is	80	cycles
NoP latency for layer	375_to_381	is	58	cycles
NoP latency for layer	290_to_299	is	318	cycles
NoP latency for layer	238_to_253	is	50	cycles
NoP latency for layer	0_to_11	is	63	cycles
NoP latency for layer	264_to_265	is	300	cycles
NoP latency for layer	204_to_221	is	50	cycles
NoP latency for layer	42_to_61	is	318	cycles
NoP latency for layer	1_to_7	is	63	cycles
NoP latency for layer	308_to_324	is	66	cycles
NoP latency for layer	104_to_114	is	80	cycles
NoP latency for layer	36_to_60	is	89	cycles
NoP latency for layer	258_to_265	is	300	cycles
NoP latency for layer	1_to_11	is	63	cycles
NoP latency for layer	1_to_9	is	63	cycles
NoP latency for layer	233_to_234	is	286	cycles
NoP latency for layer	272_to_291	is	63	cycles
NoP latency for layer	34_to_55	is	63	cycles
NoP latency for layer	170_to_181	is	68	cycles
NoP latency for layer	341_to_351	is	45	cycles
NoP latency for layer	240_to_260	is	72	cycles
NoP latency for layer	205_to_217	is	50	cycles
