NoP latency for layer	331_to_346	is	19	cycles
NoP latency for layer	147_to_167	is	0	cycles
NoP latency for layer	24_to_27	is	34	cycles
NoP latency for layer	263_to_281	is	0	cycles
NoP latency for layer	203_to_214	is	0	cycles
NoP latency for layer	176_to_182	is	0	cycles
NoP latency for layer	146_to_158	is	0	cycles
NoP latency for layer	221_to_230	is	24	cycles
NoP latency for layer	321_to_345	is	0	cycles
NoP latency for layer	325_to_346	is	19	cycles
NoP latency for layer	175_to_191	is	0	cycles
NoP latency for layer	118_to_142	is	0	cycles
NoP latency for layer	99_to_114	is	29	cycles
NoP latency for layer	262_to_268	is	0	cycles
NoP latency for layer	321_to_339	is	0	cycles
NoP latency for layer	319_to_334	is	0	cycles
NoP latency for layer	29_to_54	is	0	cycles
NoP latency for layer	232_to_255	is	0	cycles
NoP latency for layer	4_to_27	is	34	cycles
NoP latency for layer	292_to_310	is	0	cycles
NoP latency for layer	262_to_266	is	0	cycles
NoP latency for layer	87_to_92	is	0	cycles
NoP latency for layer	321_to_337	is	0	cycles
NoP latency for layer	118_to_130	is	0	cycles
NoP latency for layer	138_to_143	is	29	cycles
NoP latency for layer	117_to_121	is	0	cycles
NoP latency for layer	209_to_230	is	24	cycles
NoP latency for layer	261_to_272	is	0	cycles
NoP latency for layer	277_to_288	is	19	cycles
NoP latency for layer	37_to_56	is	29	cycles
NoP latency for layer	147_to_169	is	0	cycles
NoP latency for layer	291_to_303	is	0	cycles
NoP latency for layer	146_to_156	is	0	cycles
NoP latency for layer	116_to_119	is	0	cycles
NoP latency for layer	31_to_49	is	0	cycles
NoP latency for layer	290_to_309	is	0	cycles
NoP latency for layer	205_to_207	is	0	cycles
NoP latency for layer	58_to_71	is	0	cycles
NoP latency for layer	190_to_201	is	19	cycles
NoP latency for layer	31_to_35	is	0	cycles
NoP latency for layer	87_to_102	is	0	cycles
NoP latency for layer	149_to_172	is	24	cycles
NoP latency for layer	103_to_114	is	29	cycles
NoP latency for layer	6_to_27	is	34	cycles
NoP latency for layer	89_to_93	is	0	cycles
NoP latency for layer	203_to_228	is	0	cycles
NoP latency for layer	145_to_170	is	0	cycles
NoP latency for layer	146_to_164	is	0	cycles
NoP latency for layer	341_to_346	is	19	cycles
NoP latency for layer	184_to_201	is	19	cycles
NoP latency for layer	262_to_282	is	0	cycles
NoP latency for layer	174_to_195	is	0	cycles
NoP latency for layer	35_to_56	is	29	cycles
NoP latency for layer	30_to_40	is	0	cycles
NoP latency for layer	234_to_248	is	0	cycles
NoP latency for layer	203_to_226	is	0	cycles
NoP latency for layer	116_to_125	is	0	cycles
NoP latency for layer	60_to_72	is	0	cycles
NoP latency for layer	30_to_32	is	0	cycles
NoP latency for layer	302_to_317	is	14	cycles
NoP latency for layer	233_to_251	is	0	cycles
NoP latency for layer	161_to_172	is	24	cycles
NoP latency for layer	26_to_27	is	34	cycles
NoP latency for layer	234_to_246	is	0	cycles
NoP latency for layer	147_to_155	is	0	cycles
NoP latency for layer	59_to_71	is	0	cycles
NoP latency for layer	31_to_47	is	0	cycles
NoP latency for layer	290_to_307	is	0	cycles
NoP latency for layer	205_to_209	is	0	cycles
NoP latency for layer	316_to_317	is	14	cycles
NoP latency for layer	78_to_85	is	24	cycles
NoP latency for layer	263_to_265	is	0	cycles
NoP latency for layer	320_to_334	is	0	cycles
NoP latency for layer	88_to_94	is	0	cycles
NoP latency for layer	234_to_250	is	0	cycles
NoP latency for layer	269_to_288	is	19	cycles
NoP latency for layer	233_to_247	is	0	cycles
NoP latency for layer	348_to_0	is	299	cycles
NoP latency for layer	116_to_133	is	0	cycles
NoP latency for layer	2_to_20	is	0	cycles
NoP latency for layer	132_to_143	is	29	cycles
NoP latency for layer	60_to_64	is	0	cycles
NoP latency for layer	145_to_168	is	0	cycles
NoP latency for layer	204_to_220	is	0	cycles
NoP latency for layer	320_to_322	is	0	cycles
NoP latency for layer	283_to_288	is	19	cycles
NoP latency for layer	263_to_273	is	0	cycles
NoP latency for layer	0_to_15	is	0	cycles
NoP latency for layer	58_to_69	is	0	cycles
NoP latency for layer	0_to_5	is	0	cycles
NoP latency for layer	126_to_143	is	29	cycles
NoP latency for layer	298_to_317	is	14	cycles
NoP latency for layer	290_to_311	is	0	cycles
NoP latency for layer	31_to_51	is	0	cycles
NoP latency for layer	217_to_230	is	24	cycles
NoP latency for layer	59_to_67	is	0	cycles
NoP latency for layer	1_to_15	is	0	cycles
NoP latency for layer	49_to_56	is	29	cycles
NoP latency for layer	58_to_67	is	0	cycles
NoP latency for layer	205_to_211	is	0	cycles
NoP latency for layer	59_to_69	is	0	cycles
NoP latency for layer	261_to_280	is	0	cycles
NoP latency for layer	116_to_141	is	0	cycles
NoP latency for layer	174_to_183	is	0	cycles
NoP latency for layer	93_to_114	is	29	cycles
NoP latency for layer	22_to_27	is	34	cycles
NoP latency for layer	233_to_249	is	0	cycles
NoP latency for layer	88_to_102	is	0	cycles
NoP latency for layer	145_to_166	is	0	cycles
NoP latency for layer	233_to_235	is	0	cycles
NoP latency for layer	205_to_223	is	0	cycles
NoP latency for layer	261_to_264	is	0	cycles
NoP latency for layer	117_to_137	is	0	cycles
NoP latency for layer	118_to_126	is	0	cycles
NoP latency for layer	308_to_317	is	14	cycles
NoP latency for layer	262_to_270	is	0	cycles
NoP latency for layer	292_to_306	is	0	cycles
NoP latency for layer	175_to_189	is	0	cycles
NoP latency for layer	232_to_243	is	0	cycles
NoP latency for layer	142_to_143	is	29	cycles
NoP latency for layer	291_to_315	is	0	cycles
NoP latency for layer	145_to_154	is	0	cycles
NoP latency for layer	58_to_83	is	0	cycles
NoP latency for layer	20_to_27	is	34	cycles
NoP latency for layer	2_to_12	is	0	cycles
NoP latency for layer	176_to_194	is	0	cycles
NoP latency for layer	250_to_259	is	24	cycles
NoP latency for layer	33_to_56	is	29	cycles
NoP latency for layer	89_to_101	is	0	cycles
NoP latency for layer	147_to_171	is	0	cycles
NoP latency for layer	59_to_83	is	0	cycles
NoP latency for layer	109_to_114	is	29	cycles
NoP latency for layer	29_to_42	is	0	cycles
NoP latency for layer	117_to_139	is	0	cycles
NoP latency for layer	244_to_259	is	24	cycles
NoP latency for layer	118_to_128	is	0	cycles
NoP latency for layer	319_to_322	is	0	cycles
NoP latency for layer	291_to_295	is	0	cycles
NoP latency for layer	204_to_212	is	0	cycles
NoP latency for layer	157_to_172	is	24	cycles
NoP latency for layer	292_to_308	is	0	cycles
NoP latency for layer	60_to_80	is	0	cycles
NoP latency for layer	175_to_187	is	0	cycles
NoP latency for layer	233_to_257	is	0	cycles
NoP latency for layer	169_to_172	is	24	cycles
NoP latency for layer	147_to_153	is	0	cycles
NoP latency for layer	30_to_48	is	0	cycles
NoP latency for layer	234_to_240	is	0	cycles
NoP latency for layer	203_to_220	is	0	cycles
NoP latency for layer	116_to_123	is	0	cycles
NoP latency for layer	1_to_7	is	0	cycles
NoP latency for layer	60_to_74	is	0	cycles
NoP latency for layer	30_to_34	is	0	cycles
NoP latency for layer	320_to_332	is	0	cycles
NoP latency for layer	88_to_92	is	0	cycles
NoP latency for layer	140_to_143	is	29	cycles
NoP latency for layer	31_to_41	is	0	cycles
NoP latency for layer	59_to_77	is	0	cycles
NoP latency for layer	290_to_301	is	0	cycles
NoP latency for layer	58_to_79	is	0	cycles
NoP latency for layer	74_to_85	is	24	cycles
NoP latency for layer	41_to_56	is	29	cycles
NoP latency for layer	31_to_33	is	0	cycles
NoP latency for layer	198_to_201	is	19	cycles
NoP latency for layer	87_to_104	is	0	cycles
NoP latency for layer	59_to_79	is	0	cycles
NoP latency for layer	320_to_340	is	0	cycles
NoP latency for layer	252_to_259	is	24	cycles
NoP latency for layer	58_to_77	is	0	cycles
NoP latency for layer	262_to_284	is	0	cycles
NoP latency for layer	174_to_193	is	0	cycles
NoP latency for layer	155_to_172	is	24	cycles
NoP latency for layer	80_to_85	is	24	cycles
NoP latency for layer	30_to_46	is	0	cycles
NoP latency for layer	89_to_95	is	0	cycles
NoP latency for layer	246_to_259	is	24	cycles
NoP latency for layer	39_to_56	is	29	cycles
NoP latency for layer	1_to_9	is	0	cycles
NoP latency for layer	88_to_112	is	0	cycles
NoP latency for layer	146_to_162	is	0	cycles
NoP latency for layer	87_to_94	is	0	cycles
NoP latency for layer	118_to_136	is	0	cycles
NoP latency for layer	321_to_331	is	0	cycles
NoP latency for layer	174_to_177	is	0	cycles
NoP latency for layer	130_to_143	is	29	cycles
NoP latency for layer	117_to_127	is	0	cycles
NoP latency for layer	261_to_274	is	0	cycles
NoP latency for layer	8_to_27	is	34	cycles
NoP latency for layer	232_to_253	is	0	cycles
NoP latency for layer	175_to_199	is	0	cycles
NoP latency for layer	319_to_340	is	0	cycles
NoP latency for layer	292_to_316	is	0	cycles
NoP latency for layer	2_to_4	is	0	cycles
NoP latency for layer	292_to_298	is	0	cycles
NoP latency for layer	124_to_143	is	29	cycles
NoP latency for layer	291_to_305	is	0	cycles
NoP latency for layer	146_to_150	is	0	cycles
NoP latency for layer	215_to_230	is	24	cycles
NoP latency for layer	82_to_85	is	24	cycles
NoP latency for layer	281_to_288	is	19	cycles
NoP latency for layer	236_to_259	is	24	cycles
NoP latency for layer	292_to_296	is	0	cycles
NoP latency for layer	263_to_287	is	0	cycles
NoP latency for layer	203_to_212	is	0	cycles
NoP latency for layer	176_to_184	is	0	cycles
NoP latency for layer	229_to_230	is	24	cycles
NoP latency for layer	339_to_346	is	19	cycles
NoP latency for layer	89_to_111	is	0	cycles
NoP latency for layer	147_to_161	is	0	cycles
NoP latency for layer	76_to_85	is	24	cycles
NoP latency for layer	43_to_56	is	29	cycles
NoP latency for layer	174_to_179	is	0	cycles
NoP latency for layer	118_to_138	is	0	cycles
NoP latency for layer	319_to_332	is	0	cycles
NoP latency for layer	29_to_52	is	0	cycles
NoP latency for layer	117_to_129	is	0	cycles
NoP latency for layer	175_to_197	is	0	cycles
NoP latency for layer	321_to_343	is	0	cycles
NoP latency for layer	200_to_201	is	19	cycles
NoP latency for layer	91_to_114	is	29	cycles
NoP latency for layer	192_to_201	is	19	cycles
NoP latency for layer	89_to_107	is	0	cycles
NoP latency for layer	101_to_114	is	29	cycles
NoP latency for layer	146_to_148	is	0	cycles
NoP latency for layer	2_to_14	is	0	cycles
NoP latency for layer	176_to_192	is	0	cycles
NoP latency for layer	258_to_259	is	24	cycles
NoP latency for layer	291_to_293	is	0	cycles
NoP latency for layer	343_to_346	is	19	cycles
NoP latency for layer	186_to_201	is	19	cycles
NoP latency for layer	29_to_38	is	0	cycles
NoP latency for layer	204_to_214	is	0	cycles
NoP latency for layer	0_to_21	is	0	cycles
NoP latency for layer	175_to_181	is	0	cycles
NoP latency for layer	178_to_201	is	19	cycles
NoP latency for layer	29_to_44	is	0	cycles
NoP latency for layer	321_to_329	is	0	cycles
NoP latency for layer	319_to_324	is	0	cycles
NoP latency for layer	232_to_237	is	0	cycles
NoP latency for layer	262_to_278	is	0	cycles
NoP latency for layer	163_to_172	is	24	cycles
NoP latency for layer	29_to_36	is	0	cycles
NoP latency for layer	1_to_21	is	0	cycles
NoP latency for layer	292_to_300	is	0	cycles
NoP latency for layer	232_to_245	is	0	cycles
NoP latency for layer	205_to_225	is	0	cycles
NoP latency for layer	117_to_131	is	0	cycles
NoP latency for layer	321_to_327	is	0	cycles
NoP latency for layer	47_to_56	is	29	cycles
NoP latency for layer	118_to_120	is	0	cycles
NoP latency for layer	72_to_85	is	24	cycles
NoP latency for layer	300_to_317	is	14	cycles
NoP latency for layer	232_to_239	is	0	cycles
NoP latency for layer	262_to_276	is	0	cycles
NoP latency for layer	89_to_109	is	0	cycles
NoP latency for layer	291_to_313	is	0	cycles
NoP latency for layer	145_to_152	is	0	cycles
NoP latency for layer	314_to_317	is	14	cycles
NoP latency for layer	58_to_61	is	0	cycles
NoP latency for layer	45_to_56	is	29	cycles
NoP latency for layer	205_to_217	is	0	cycles
NoP latency for layer	70_to_85	is	24	cycles
NoP latency for layer	223_to_230	is	24	cycles
NoP latency for layer	1_to_13	is	0	cycles
NoP latency for layer	204_to_228	is	0	cycles
NoP latency for layer	333_to_346	is	19	cycles
NoP latency for layer	176_to_178	is	0	cycles
NoP latency for layer	87_to_112	is	0	cycles
NoP latency for layer	88_to_104	is	0	cycles
NoP latency for layer	145_to_160	is	0	cycles
NoP latency for layer	290_to_297	is	0	cycles
NoP latency for layer	234_to_258	is	0	cycles
NoP latency for layer	30_to_50	is	0	cycles
NoP latency for layer	261_to_286	is	0	cycles
NoP latency for layer	327_to_346	is	19	cycles
NoP latency for layer	174_to_185	is	0	cycles
NoP latency for layer	2_to_26	is	0	cycles
NoP latency for layer	116_to_135	is	0	cycles
NoP latency for layer	60_to_62	is	0	cycles
NoP latency for layer	234_to_256	is	0	cycles
NoP latency for layer	290_to_299	is	0	cycles
NoP latency for layer	84_to_85	is	24	cycles
NoP latency for layer	233_to_241	is	0	cycles
NoP latency for layer	205_to_219	is	0	cycles
NoP latency for layer	0_to_3	is	0	cycles
NoP latency for layer	59_to_61	is	0	cycles
NoP latency for layer	275_to_288	is	19	cycles
NoP latency for layer	204_to_226	is	0	cycles
NoP latency for layer	320_to_324	is	0	cycles
NoP latency for layer	263_to_275	is	0	cycles
NoP latency for layer	0_to_13	is	0	cycles
NoP latency for layer	182_to_201	is	19	cycles
NoP latency for layer	2_to_10	is	0	cycles
NoP latency for layer	55_to_56	is	29	cycles
NoP latency for layer	176_to_196	is	0	cycles
NoP latency for layer	111_to_114	is	29	cycles
NoP latency for layer	145_to_158	is	0	cycles
NoP latency for layer	248_to_259	is	24	cycles
NoP latency for layer	89_to_103	is	0	cycles
NoP latency for layer	14_to_27	is	34	cycles
NoP latency for layer	59_to_81	is	0	cycles
NoP latency for layer	196_to_201	is	19	cycles
NoP latency for layer	261_to_268	is	0	cycles
NoP latency for layer	29_to_40	is	0	cycles
NoP latency for layer	105_to_114	is	29	cycles
NoP latency for layer	291_to_297	is	0	cycles
NoP latency for layer	60_to_82	is	0	cycles
NoP latency for layer	204_to_210	is	0	cycles
NoP latency for layer	175_to_185	is	0	cycles
NoP latency for layer	0_to_25	is	0	cycles
NoP latency for layer	261_to_266	is	0	cycles
NoP latency for layer	205_to_221	is	0	cycles
NoP latency for layer	117_to_135	is	0	cycles
NoP latency for layer	118_to_124	is	0	cycles
NoP latency for layer	321_to_323	is	0	cycles
NoP latency for layer	262_to_272	is	0	cycles
NoP latency for layer	291_to_299	is	0	cycles
NoP latency for layer	292_to_304	is	0	cycles
NoP latency for layer	1_to_25	is	0	cycles
NoP latency for layer	29_to_32	is	0	cycles
NoP latency for layer	232_to_241	is	0	cycles
NoP latency for layer	310_to_317	is	14	cycles
NoP latency for layer	347_to_348	is	0	cycles
NoP latency for layer	176_to_198	is	0	cycles
NoP latency for layer	167_to_172	is	24	cycles
NoP latency for layer	145_to_156	is	0	cycles
NoP latency for layer	58_to_81	is	0	cycles
NoP latency for layer	304_to_317	is	14	cycles
NoP latency for layer	1_to_17	is	0	cycles
NoP latency for layer	0_to_19	is	0	cycles
NoP latency for layer	58_to_65	is	0	cycles
NoP latency for layer	0_to_9	is	0	cycles
NoP latency for layer	205_to_213	is	0	cycles
NoP latency for layer	323_to_346	is	19	cycles
NoP latency for layer	261_to_282	is	0	cycles
NoP latency for layer	290_to_293	is	0	cycles
NoP latency for layer	30_to_54	is	0	cycles
NoP latency for layer	238_to_259	is	24	cycles
NoP latency for layer	174_to_181	is	0	cycles
NoP latency for layer	227_to_230	is	24	cycles
NoP latency for layer	146_to_170	is	0	cycles
NoP latency for layer	60_to_68	is	0	cycles
NoP latency for layer	88_to_100	is	0	cycles
NoP latency for layer	337_to_346	is	19	cycles
NoP latency for layer	145_to_164	is	0	cycles
NoP latency for layer	233_to_237	is	0	cycles
NoP latency for layer	234_to_252	is	0	cycles
NoP latency for layer	16_to_27	is	34	cycles
NoP latency for layer	294_to_317	is	14	cycles
NoP latency for layer	233_to_245	is	0	cycles
NoP latency for layer	271_to_288	is	19	cycles
NoP latency for layer	60_to_66	is	0	cycles
NoP latency for layer	116_to_131	is	0	cycles
NoP latency for layer	2_to_22	is	0	cycles
NoP latency for layer	62_to_85	is	24	cycles
NoP latency for layer	233_to_239	is	0	cycles
NoP latency for layer	204_to_222	is	0	cycles
NoP latency for layer	1_to_19	is	0	cycles
NoP latency for layer	0_to_17	is	0	cycles
NoP latency for layer	263_to_271	is	0	cycles
NoP latency for layer	265_to_288	is	19	cycles
NoP latency for layer	0_to_7	is	0	cycles
NoP latency for layer	290_to_313	is	0	cycles
NoP latency for layer	31_to_53	is	0	cycles
NoP latency for layer	59_to_65	is	0	cycles
NoP latency for layer	203_to_224	is	0	cycles
NoP latency for layer	175_to_177	is	0	cycles
NoP latency for layer	146_to_168	is	0	cycles
NoP latency for layer	60_to_70	is	0	cycles
NoP latency for layer	116_to_127	is	0	cycles
NoP latency for layer	1_to_3	is	0	cycles
NoP latency for layer	234_to_238	is	0	cycles
NoP latency for layer	233_to_253	is	0	cycles
NoP latency for layer	174_to_199	is	0	cycles
NoP latency for layer	147_to_157	is	0	cycles
NoP latency for layer	234_to_244	is	0	cycles
NoP latency for layer	59_to_73	is	0	cycles
NoP latency for layer	31_to_45	is	0	cycles
NoP latency for layer	290_to_305	is	0	cycles
NoP latency for layer	31_to_39	is	0	cycles
NoP latency for layer	263_to_267	is	0	cycles
NoP latency for layer	320_to_336	is	0	cycles
NoP latency for layer	88_to_96	is	0	cycles
NoP latency for layer	188_to_201	is	19	cycles
NoP latency for layer	151_to_172	is	24	cycles
NoP latency for layer	320_to_344	is	0	cycles
NoP latency for layer	58_to_73	is	0	cycles
NoP latency for layer	263_to_269	is	0	cycles
NoP latency for layer	31_to_37	is	0	cycles
NoP latency for layer	87_to_100	is	0	cycles
NoP latency for layer	242_to_259	is	24	cycles
NoP latency for layer	320_to_338	is	0	cycles
NoP latency for layer	88_to_98	is	0	cycles
NoP latency for layer	89_to_91	is	0	cycles
NoP latency for layer	53_to_56	is	29	cycles
NoP latency for layer	66_to_85	is	24	cycles
NoP latency for layer	175_to_179	is	0	cycles
NoP latency for layer	146_to_166	is	0	cycles
NoP latency for layer	116_to_129	is	0	cycles
NoP latency for layer	234_to_236	is	0	cycles
NoP latency for layer	262_to_280	is	0	cycles
NoP latency for layer	256_to_259	is	24	cycles
NoP latency for layer	174_to_197	is	0	cycles
NoP latency for layer	30_to_42	is	0	cycles
NoP latency for layer	12_to_27	is	34	cycles
NoP latency for layer	147_to_159	is	0	cycles
NoP latency for layer	232_to_257	is	0	cycles
NoP latency for layer	319_to_344	is	0	cycles
NoP latency for layer	120_to_143	is	29	cycles
NoP latency for layer	292_to_312	is	0	cycles
NoP latency for layer	204_to_208	is	0	cycles
NoP latency for layer	211_to_230	is	24	cycles
NoP latency for layer	262_to_264	is	0	cycles
NoP latency for layer	87_to_90	is	0	cycles
NoP latency for layer	319_to_338	is	0	cycles
NoP latency for layer	321_to_335	is	0	cycles
NoP latency for layer	118_to_132	is	0	cycles
NoP latency for layer	117_to_123	is	0	cycles
NoP latency for layer	261_to_270	is	0	cycles
NoP latency for layer	285_to_288	is	19	cycles
NoP latency for layer	10_to_27	is	34	cycles
NoP latency for layer	134_to_143	is	29	cycles
NoP latency for layer	291_to_301	is	0	cycles
NoP latency for layer	203_to_218	is	0	cycles
NoP latency for layer	51_to_56	is	29	cycles
NoP latency for layer	146_to_154	is	0	cycles
NoP latency for layer	64_to_85	is	24	cycles
NoP latency for layer	147_to_165	is	0	cycles
NoP latency for layer	263_to_283	is	0	cycles
NoP latency for layer	203_to_216	is	0	cycles
NoP latency for layer	329_to_346	is	19	cycles
NoP latency for layer	95_to_114	is	29	cycles
NoP latency for layer	176_to_180	is	0	cycles
NoP latency for layer	118_to_140	is	0	cycles
NoP latency for layer	175_to_193	is	0	cycles
NoP latency for layer	204_to_206	is	0	cycles
NoP latency for layer	319_to_336	is	0	cycles
NoP latency for layer	279_to_288	is	19	cycles
NoP latency for layer	88_to_108	is	0	cycles
NoP latency for layer	2_to_24	is	0	cycles
NoP latency for layer	116_to_137	is	0	cycles
NoP latency for layer	287_to_288	is	19	cycles
NoP latency for layer	234_to_254	is	0	cycles
NoP latency for layer	122_to_143	is	29	cycles
NoP latency for layer	174_to_189	is	0	cycles
NoP latency for layer	213_to_230	is	24	cycles
NoP latency for layer	233_to_243	is	0	cycles
NoP latency for layer	290_to_315	is	0	cycles
NoP latency for layer	59_to_63	is	0	cycles
NoP latency for layer	31_to_55	is	0	cycles
NoP latency for layer	204_to_224	is	0	cycles
NoP latency for layer	136_to_143	is	29	cycles
NoP latency for layer	320_to_326	is	0	cycles
NoP latency for layer	207_to_230	is	24	cycles
NoP latency for layer	0_to_11	is	0	cycles
NoP latency for layer	263_to_277	is	0	cycles
NoP latency for layer	58_to_63	is	0	cycles
NoP latency for layer	205_to_215	is	0	cycles
NoP latency for layer	97_to_114	is	29	cycles
NoP latency for layer	1_to_11	is	0	cycles
NoP latency for layer	87_to_110	is	0	cycles
NoP latency for layer	320_to_328	is	0	cycles
NoP latency for layer	263_to_279	is	0	cycles
NoP latency for layer	88_to_106	is	0	cycles
NoP latency for layer	116_to_139	is	0	cycles
NoP latency for layer	145_to_162	is	0	cycles
NoP latency for layer	261_to_284	is	0	cycles
NoP latency for layer	30_to_52	is	0	cycles
NoP latency for layer	147_to_149	is	0	cycles
NoP latency for layer	290_to_295	is	0	cycles
NoP latency for layer	174_to_187	is	0	cycles
NoP latency for layer	1_to_23	is	0	cycles
NoP latency for layer	292_to_302	is	0	cycles
NoP latency for layer	204_to_218	is	0	cycles
NoP latency for layer	29_to_34	is	0	cycles
NoP latency for layer	232_to_247	is	0	cycles
NoP latency for layer	205_to_227	is	0	cycles
NoP latency for layer	29_to_48	is	0	cycles
NoP latency for layer	117_to_133	is	0	cycles
NoP latency for layer	319_to_328	is	0	cycles
NoP latency for layer	321_to_325	is	0	cycles
NoP latency for layer	118_to_122	is	0	cycles
NoP latency for layer	262_to_274	is	0	cycles
NoP latency for layer	2_to_18	is	0	cycles
NoP latency for layer	291_to_311	is	0	cycles
NoP latency for layer	203_to_208	is	0	cycles
NoP latency for layer	145_to_150	is	0	cycles
NoP latency for layer	240_to_259	is	24	cycles
NoP latency for layer	89_to_105	is	0	cycles
NoP latency for layer	2_to_16	is	0	cycles
NoP latency for layer	18_to_27	is	34	cycles
NoP latency for layer	153_to_172	is	24	cycles
NoP latency for layer	176_to_190	is	0	cycles
NoP latency for layer	203_to_206	is	0	cycles
NoP latency for layer	60_to_84	is	0	cycles
NoP latency for layer	254_to_259	is	24	cycles
NoP latency for layer	117_to_141	is	0	cycles
NoP latency for layer	204_to_216	is	0	cycles
NoP latency for layer	0_to_23	is	0	cycles
NoP latency for layer	175_to_183	is	0	cycles
NoP latency for layer	232_to_249	is	0	cycles
NoP latency for layer	205_to_229	is	0	cycles
NoP latency for layer	29_to_46	is	0	cycles
NoP latency for layer	319_to_326	is	0	cycles
NoP latency for layer	232_to_235	is	0	cycles
NoP latency for layer	263_to_285	is	0	cycles
NoP latency for layer	292_to_294	is	0	cycles
NoP latency for layer	145_to_148	is	0	cycles
NoP latency for layer	291_to_309	is	0	cycles
NoP latency for layer	203_to_210	is	0	cycles
NoP latency for layer	176_to_186	is	0	cycles
NoP latency for layer	147_to_163	is	0	cycles
NoP latency for layer	89_to_113	is	0	cycles
NoP latency for layer	87_to_98	is	0	cycles
NoP latency for layer	319_to_330	is	0	cycles
NoP latency for layer	335_to_346	is	19	cycles
NoP latency for layer	29_to_50	is	0	cycles
NoP latency for layer	261_to_278	is	0	cycles
NoP latency for layer	175_to_195	is	0	cycles
NoP latency for layer	321_to_341	is	0	cycles
NoP latency for layer	2_to_8	is	0	cycles
NoP latency for layer	225_to_230	is	24	cycles
NoP latency for layer	87_to_96	is	0	cycles
NoP latency for layer	273_to_288	is	19	cycles
NoP latency for layer	118_to_134	is	0	cycles
NoP latency for layer	321_to_333	is	0	cycles
NoP latency for layer	117_to_125	is	0	cycles
NoP latency for layer	261_to_276	is	0	cycles
NoP latency for layer	232_to_251	is	0	cycles
NoP latency for layer	128_to_143	is	29	cycles
NoP latency for layer	319_to_342	is	0	cycles
NoP latency for layer	296_to_317	is	14	cycles
NoP latency for layer	292_to_314	is	0	cycles
NoP latency for layer	2_to_6	is	0	cycles
NoP latency for layer	219_to_230	is	24	cycles
NoP latency for layer	267_to_288	is	19	cycles
NoP latency for layer	291_to_307	is	0	cycles
NoP latency for layer	176_to_188	is	0	cycles
NoP latency for layer	146_to_152	is	0	cycles
NoP latency for layer	68_to_85	is	24	cycles
NoP latency for layer	87_to_106	is	0	cycles
NoP latency for layer	180_to_201	is	19	cycles
NoP latency for layer	345_to_346	is	19	cycles
NoP latency for layer	159_to_172	is	24	cycles
NoP latency for layer	320_to_342	is	0	cycles
NoP latency for layer	113_to_114	is	29	cycles
NoP latency for layer	58_to_75	is	0	cycles
NoP latency for layer	262_to_286	is	0	cycles
NoP latency for layer	174_to_191	is	0	cycles
NoP latency for layer	30_to_44	is	0	cycles
NoP latency for layer	176_to_200	is	0	cycles
NoP latency for layer	194_to_201	is	19	cycles
NoP latency for layer	89_to_97	is	0	cycles
NoP latency for layer	146_to_160	is	0	cycles
NoP latency for layer	88_to_110	is	0	cycles
NoP latency for layer	60_to_78	is	0	cycles
NoP latency for layer	107_to_114	is	29	cycles
NoP latency for layer	30_to_38	is	0	cycles
NoP latency for layer	233_to_255	is	0	cycles
NoP latency for layer	312_to_317	is	14	cycles
NoP latency for layer	234_to_242	is	0	cycles
NoP latency for layer	147_to_151	is	0	cycles
NoP latency for layer	89_to_99	is	0	cycles
NoP latency for layer	203_to_222	is	0	cycles
NoP latency for layer	171_to_172	is	24	cycles
NoP latency for layer	60_to_76	is	0	cycles
NoP latency for layer	1_to_5	is	0	cycles
NoP latency for layer	116_to_121	is	0	cycles
NoP latency for layer	30_to_36	is	0	cycles
NoP latency for layer	87_to_108	is	0	cycles
NoP latency for layer	320_to_330	is	0	cycles
NoP latency for layer	306_to_317	is	14	cycles
NoP latency for layer	88_to_90	is	0	cycles
NoP latency for layer	31_to_43	is	0	cycles
NoP latency for layer	59_to_75	is	0	cycles
NoP latency for layer	290_to_303	is	0	cycles
NoP latency for layer	165_to_172	is	24	cycles
NoP latency for layer	117_to_119	is	0	cycles
