NoP latency for layer	342_to_358	is	44	cycles
NoP latency for layer	330_to_333	is	19	cycles
NoP latency for layer	121_to_141	is	19	cycles
NoP latency for layer	1_to_5	is	24	cycles
NoP latency for layer	92_to_98	is	23	cycles
NoP latency for layer	242_to_256	is	33	cycles
NoP latency for layer	301_to_307	is	19	cycles
NoP latency for layer	302_to_314	is	23	cycles
NoP latency for layer	48_to_58	is	49	cycles
NoP latency for layer	356_to_358	is	44	cycles
NoP latency for layer	241_to_245	is	29	cycles
NoP latency for layer	194_to_208	is	49	cycles
NoP latency for layer	61_to_63	is	24	cycles
NoP latency for layer	228_to_238	is	54	cycles
NoP latency for layer	210_to_235	is	29	cycles
NoP latency for layer	30_to_51	is	24	cycles
NoP latency for layer	98_to_118	is	44	cycles
NoP latency for layer	4_to_28	is	49	cycles
NoP latency for layer	60_to_63	is	24	cycles
NoP latency for layer	271_to_291	is	29	cycles
NoP latency for layer	62_to_80	is	28	cycles
NoP latency for layer	214_to_238	is	54	cycles
NoP latency for layer	182_to_190	is	28	cycles
NoP latency for layer	152_to_160	is	28	cycles
NoP latency for layer	31_to_51	is	24	cycles
NoP latency for layer	148_to_149	is	98	cycles
NoP latency for layer	180_to_201	is	24	cycles
NoP latency for layer	151_to_173	is	24	cycles
NoP latency for layer	181_to_183	is	24	cycles
NoP latency for layer	140_to_148	is	44	cycles
NoP latency for layer	92_to_96	is	23	cycles
NoP latency for layer	330_to_341	is	19	cycles
NoP latency for layer	121_to_133	is	19	cycles
NoP latency for layer	242_to_258	is	33	cycles
NoP latency for layer	301_to_309	is	19	cycles
NoP latency for layer	272_to_282	is	33	cycles
NoP latency for layer	2_to_6	is	28	cycles
NoP latency for layer	120_to_139	is	19	cycles
NoP latency for layer	300_to_303	is	19	cycles
NoP latency for layer	331_to_337	is	19	cycles
NoP latency for layer	180_to_189	is	24	cycles
NoP latency for layer	120_to_145	is	19	cycles
NoP latency for layer	6_to_28	is	49	cycles
NoP latency for layer	212_to_222	is	33	cycles
NoP latency for layer	271_to_275	is	29	cycles
NoP latency for layer	211_to_231	is	29	cycles
NoP latency for layer	158_to_178	is	49	cycles
NoP latency for layer	62_to_64	is	28	cycles
NoP latency for layer	274_to_298	is	44	cycles
NoP latency for layer	316_to_328	is	44	cycles
NoP latency for layer	92_to_100	is	23	cycles
NoP latency for layer	164_to_178	is	49	cycles
NoP latency for layer	242_to_264	is	33	cycles
NoP latency for layer	181_to_205	is	24	cycles
NoP latency for layer	270_to_295	is	29	cycles
NoP latency for layer	332_to_356	is	23	cycles
NoP latency for layer	130_to_148	is	44	cycles
NoP latency for layer	32_to_56	is	28	cycles
NoP latency for layer	266_to_268	is	54	cycles
NoP latency for layer	2_to_8	is	28	cycles
NoP latency for layer	170_to_178	is	49	cycles
NoP latency for layer	331_to_345	is	19	cycles
NoP latency for layer	120_to_137	is	19	cycles
NoP latency for layer	302_to_326	is	23	cycles
NoP latency for layer	331_to_339	is	19	cycles
NoP latency for layer	180_to_187	is	24	cycles
NoP latency for layer	91_to_113	is	19	cycles
NoP latency for layer	124_to_148	is	44	cycles
NoP latency for layer	36_to_58	is	49	cycles
NoP latency for layer	151_to_159	is	24	cycles
NoP latency for layer	32_to_40	is	28	cycles
NoP latency for layer	332_to_340	is	23	cycles
NoP latency for layer	240_to_259	is	29	cycles
NoP latency for layer	270_to_283	is	29	cycles
NoP latency for layer	1_to_13	is	24	cycles
NoP latency for layer	301_to_323	is	19	cycles
NoP latency for layer	92_to_116	is	23	cycles
NoP latency for layer	211_to_229	is	29	cycles
NoP latency for layer	150_to_161	is	24	cycles
NoP latency for layer	91_to_105	is	19	cycles
NoP latency for layer	180_to_191	is	24	cycles
NoP latency for layer	241_to_261	is	29	cycles
NoP latency for layer	182_to_200	is	28	cycles
NoP latency for layer	331_to_353	is	19	cycles
NoP latency for layer	348_to_358	is	44	cycles
NoP latency for layer	212_to_234	is	33	cycles
NoP latency for layer	2_to_26	is	28	cycles
NoP latency for layer	236_to_238	is	54	cycles
NoP latency for layer	300_to_315	is	19	cycles
NoP latency for layer	68_to_88	is	44	cycles
NoP latency for layer	151_to_157	is	24	cycles
NoP latency for layer	240_to_257	is	29	cycles
NoP latency for layer	62_to_72	is	28	cycles
NoP latency for layer	222_to_238	is	54	cycles
NoP latency for layer	0_to_13	is	24	cycles
NoP latency for layer	211_to_227	is	29	cycles
NoP latency for layer	31_to_47	is	24	cycles
NoP latency for layer	209_to_210	is	36	cycles
NoP latency for layer	30_to_49	is	24	cycles
NoP latency for layer	152_to_176	is	28	cycles
NoP latency for layer	182_to_186	is	28	cycles
NoP latency for layer	2_to_14	is	28	cycles
NoP latency for layer	320_to_328	is	44	cycles
NoP latency for layer	30_to_35	is	24	cycles
NoP latency for layer	122_to_136	is	23	cycles
NoP latency for layer	60_to_75	is	24	cycles
NoP latency for layer	271_to_287	is	29	cycles
NoP latency for layer	272_to_294	is	33	cycles
NoP latency for layer	121_to_125	is	19	cycles
NoP latency for layer	211_to_215	is	29	cycles
NoP latency for layer	0_to_21	is	24	cycles
NoP latency for layer	181_to_195	is	24	cycles
NoP latency for layer	151_to_165	is	24	cycles
NoP latency for layer	90_to_101	is	19	cycles
NoP latency for layer	240_to_265	is	29	cycles
NoP latency for layer	301_to_311	is	19	cycles
NoP latency for layer	104_to_118	is	44	cycles
NoP latency for layer	1_to_21	is	24	cycles
NoP latency for layer	206_to_208	is	49	cycles
NoP latency for layer	308_to_328	is	44	cycles
NoP latency for layer	244_to_268	is	54	cycles
NoP latency for layer	294_to_298	is	44	cycles
NoP latency for layer	34_to_58	is	49	cycles
NoP latency for layer	110_to_118	is	44	cycles
NoP latency for layer	31_to_49	is	24	cycles
NoP latency for layer	122_to_144	is	23	cycles
NoP latency for layer	182_to_188	is	28	cycles
NoP latency for layer	30_to_47	is	24	cycles
NoP latency for layer	210_to_223	is	29	cycles
NoP latency for layer	150_to_153	is	24	cycles
NoP latency for layer	61_to_75	is	24	cycles
NoP latency for layer	31_to_35	is	24	cycles
NoP latency for layer	338_to_358	is	44	cycles
NoP latency for layer	241_to_253	is	29	cycles
NoP latency for layer	122_to_138	is	23	cycles
NoP latency for layer	280_to_298	is	44	cycles
NoP latency for layer	250_to_268	is	54	cycles
NoP latency for layer	271_to_289	is	29	cycles
NoP latency for layer	270_to_293	is	29	cycles
NoP latency for layer	322_to_328	is	44	cycles
NoP latency for layer	332_to_350	is	23	cycles
NoP latency for layer	240_to_249	is	29	cycles
NoP latency for layer	138_to_148	is	44	cycles
NoP latency for layer	32_to_50	is	28	cycles
NoP latency for layer	92_to_106	is	23	cycles
NoP latency for layer	242_to_262	is	33	cycles
NoP latency for layer	181_to_203	is	24	cycles
NoP latency for layer	61_to_81	is	24	cycles
NoP latency for layer	91_to_97	is	19	cycles
NoP latency for layer	302_to_320	is	23	cycles
NoP latency for layer	91_to_115	is	19	cycles
NoP latency for layer	150_to_171	is	24	cycles
NoP latency for layer	90_to_99	is	19	cycles
NoP latency for layer	46_to_58	is	49	cycles
NoP latency for layer	331_to_343	is	19	cycles
NoP latency for layer	120_to_131	is	19	cycles
NoP latency for layer	91_to_99	is	19	cycles
NoP latency for layer	204_to_208	is	49	cycles
NoP latency for layer	120_to_143	is	19	cycles
NoP latency for layer	90_to_97	is	19	cycles
NoP latency for layer	296_to_298	is	44	cycles
NoP latency for layer	246_to_268	is	54	cycles
NoP latency for layer	212_to_224	is	33	cycles
NoP latency for layer	152_to_154	is	28	cycles
NoP latency for layer	106_to_118	is	44	cycles
NoP latency for layer	20_to_28	is	49	cycles
NoP latency for layer	300_to_305	is	19	cycles
NoP latency for layer	240_to_247	is	29	cycles
NoP latency for layer	252_to_268	is	54	cycles
NoP latency for layer	282_to_298	is	44	cycles
NoP latency for layer	60_to_81	is	24	cycles
NoP latency for layer	112_to_118	is	44	cycles
NoP latency for layer	271_to_273	is	29	cycles
NoP latency for layer	92_to_108	is	23	cycles
NoP latency for layer	270_to_279	is	29	cycles
NoP latency for layer	152_to_166	is	28	cycles
NoP latency for layer	182_to_196	is	28	cycles
NoP latency for layer	22_to_28	is	49	cycles
NoP latency for layer	8_to_28	is	49	cycles
NoP latency for layer	60_to_65	is	24	cycles
NoP latency for layer	122_to_126	is	23	cycles
NoP latency for layer	212_to_216	is	33	cycles
NoP latency for layer	62_to_86	is	28	cycles
NoP latency for layer	330_to_347	is	19	cycles
NoP latency for layer	121_to_135	is	19	cycles
NoP latency for layer	272_to_284	is	33	cycles
NoP latency for layer	181_to_185	is	24	cycles
NoP latency for layer	90_to_111	is	19	cycles
NoP latency for layer	151_to_175	is	24	cycles
NoP latency for layer	234_to_238	is	54	cycles
NoP latency for layer	330_to_349	is	19	cycles
NoP latency for layer	242_to_250	is	33	cycles
NoP latency for layer	330_to_335	is	19	cycles
NoP latency for layer	1_to_3	is	24	cycles
NoP latency for layer	188_to_208	is	49	cycles
NoP latency for layer	220_to_238	is	54	cycles
NoP latency for layer	210_to_233	is	29	cycles
NoP latency for layer	270_to_277	is	29	cycles
NoP latency for layer	182_to_198	is	28	cycles
NoP latency for layer	152_to_168	is	28	cycles
NoP latency for layer	44_to_58	is	49	cycles
NoP latency for layer	302_to_312	is	23	cycles
NoP latency for layer	241_to_243	is	29	cycles
NoP latency for layer	122_to_128	is	23	cycles
NoP latency for layer	212_to_218	is	33	cycles
NoP latency for layer	61_to_65	is	24	cycles
NoP latency for layer	90_to_109	is	19	cycles
NoP latency for layer	38_to_58	is	49	cycles
NoP latency for layer	301_to_317	is	19	cycles
NoP latency for layer	242_to_246	is	33	cycles
NoP latency for layer	150_to_155	is	24	cycles
NoP latency for layer	276_to_298	is	44	cycles
NoP latency for layer	61_to_73	is	24	cycles
NoP latency for layer	0_to_7	is	24	cycles
NoP latency for layer	31_to_33	is	24	cycles
NoP latency for layer	314_to_328	is	44	cycles
NoP latency for layer	241_to_255	is	29	cycles
NoP latency for layer	302_to_304	is	23	cycles
NoP latency for layer	258_to_268	is	54	cycles
NoP latency for layer	288_to_298	is	44	cycles
NoP latency for layer	26_to_28	is	49	cycles
NoP latency for layer	30_to_41	is	24	cycles
NoP latency for layer	122_to_142	is	23	cycles
NoP latency for layer	210_to_225	is	29	cycles
NoP latency for layer	2_to_12	is	28	cycles
NoP latency for layer	0_to_9	is	24	cycles
NoP latency for layer	66_to_88	is	44	cycles
NoP latency for layer	122_to_130	is	23	cycles
NoP latency for layer	132_to_148	is	44	cycles
NoP latency for layer	30_to_33	is	24	cycles
NoP latency for layer	60_to_73	is	24	cycles
NoP latency for layer	271_to_281	is	29	cycles
NoP latency for layer	264_to_268	is	54	cycles
NoP latency for layer	31_to_41	is	24	cycles
NoP latency for layer	40_to_58	is	49	cycles
NoP latency for layer	300_to_321	is	19	cycles
NoP latency for layer	166_to_178	is	49	cycles
NoP latency for layer	152_to_170	is	28	cycles
NoP latency for layer	90_to_107	is	19	cycles
NoP latency for layer	151_to_163	is	24	cycles
NoP latency for layer	181_to_193	is	24	cycles
NoP latency for layer	126_to_148	is	44	cycles
NoP latency for layer	240_to_263	is	29	cycles
NoP latency for layer	301_to_319	is	19	cycles
NoP latency for layer	272_to_292	is	33	cycles
NoP latency for layer	330_to_351	is	19	cycles
NoP latency for layer	121_to_123	is	19	cycles
NoP latency for layer	242_to_248	is	33	cycles
NoP latency for layer	211_to_213	is	29	cycles
NoP latency for layer	172_to_178	is	49	cycles
NoP latency for layer	300_to_313	is	19	cycles
NoP latency for layer	120_to_129	is	19	cycles
NoP latency for layer	210_to_219	is	29	cycles
NoP latency for layer	42_to_58	is	49	cycles
NoP latency for layer	272_to_276	is	33	cycles
NoP latency for layer	212_to_232	is	33	cycles
NoP latency for layer	340_to_358	is	44	cycles
NoP latency for layer	150_to_169	is	24	cycles
NoP latency for layer	2_to_20	is	28	cycles
NoP latency for layer	180_to_199	is	24	cycles
NoP latency for layer	64_to_88	is	44	cycles
NoP latency for layer	62_to_74	is	28	cycles
NoP latency for layer	32_to_34	is	28	cycles
NoP latency for layer	332_to_334	is	23	cycles
NoP latency for layer	0_to_15	is	24	cycles
NoP latency for layer	211_to_221	is	29	cycles
NoP latency for layer	354_to_358	is	44	cycles
NoP latency for layer	32_to_48	is	28	cycles
NoP latency for layer	332_to_348	is	23	cycles
NoP latency for layer	240_to_251	is	29	cycles
NoP latency for layer	196_to_208	is	49	cycles
NoP latency for layer	216_to_238	is	54	cycles
NoP latency for layer	1_to_15	is	24	cycles
NoP latency for layer	301_to_325	is	19	cycles
NoP latency for layer	92_to_110	is	23	cycles
NoP latency for layer	32_to_46	is	28	cycles
NoP latency for layer	332_to_346	is	23	cycles
NoP latency for layer	270_to_285	is	29	cycles
NoP latency for layer	331_to_355	is	19	cycles
NoP latency for layer	120_to_127	is	19	cycles
NoP latency for layer	210_to_217	is	29	cycles
NoP latency for layer	24_to_28	is	49	cycles
NoP latency for layer	272_to_278	is	33	cycles
NoP latency for layer	180_to_197	is	24	cycles
NoP latency for layer	91_to_103	is	19	cycles
NoP latency for layer	150_to_167	is	24	cycles
NoP latency for layer	142_to_148	is	44	cycles
NoP latency for layer	182_to_206	is	28	cycles
NoP latency for layer	301_to_313	is	19	cycles
NoP latency for layer	121_to_129	is	19	cycles
NoP latency for layer	310_to_328	is	44	cycles
NoP latency for layer	1_to_23	is	24	cycles
NoP latency for layer	334_to_358	is	44	cycles
NoP latency for layer	52_to_58	is	49	cycles
NoP latency for layer	211_to_219	is	29	cycles
NoP latency for layer	181_to_199	is	24	cycles
NoP latency for layer	151_to_169	is	24	cycles
NoP latency for layer	74_to_88	is	44	cycles
NoP latency for layer	304_to_328	is	44	cycles
NoP latency for layer	30_to_45	is	24	cycles
NoP latency for layer	122_to_146	is	23	cycles
NoP latency for layer	210_to_221	is	29	cycles
NoP latency for layer	248_to_268	is	54	cycles
NoP latency for layer	61_to_77	is	24	cycles
NoP latency for layer	108_to_118	is	44	cycles
NoP latency for layer	2_to_18	is	28	cycles
NoP latency for layer	31_to_37	is	24	cycles
NoP latency for layer	0_to_3	is	24	cycles
NoP latency for layer	30_to_39	is	24	cycles
NoP latency for layer	241_to_251	is	29	cycles
NoP latency for layer	60_to_79	is	24	cycles
NoP latency for layer	80_to_88	is	44	cycles
NoP latency for layer	300_to_325	is	19	cycles
NoP latency for layer	31_to_45	is	24	cycles
NoP latency for layer	182_to_184	is	28	cycles
NoP latency for layer	152_to_174	is	28	cycles
NoP latency for layer	61_to_79	is	24	cycles
NoP latency for layer	2_to_16	is	28	cycles
NoP latency for layer	31_to_39	is	24	cycles
NoP latency for layer	122_to_134	is	23	cycles
NoP latency for layer	30_to_37	is	24	cycles
NoP latency for layer	176_to_178	is	49	cycles
NoP latency for layer	271_to_285	is	29	cycles
NoP latency for layer	60_to_77	is	24	cycles
NoP latency for layer	272_to_296	is	33	cycles
NoP latency for layer	121_to_127	is	19	cycles
NoP latency for layer	330_to_355	is	19	cycles
NoP latency for layer	136_to_148	is	44	cycles
NoP latency for layer	0_to_23	is	24	cycles
NoP latency for layer	211_to_217	is	29	cycles
NoP latency for layer	260_to_268	is	54	cycles
NoP latency for layer	151_to_167	is	24	cycles
NoP latency for layer	90_to_103	is	19	cycles
NoP latency for layer	181_to_197	is	24	cycles
NoP latency for layer	162_to_178	is	49	cycles
NoP latency for layer	212_to_236	is	33	cycles
NoP latency for layer	91_to_109	is	19	cycles
NoP latency for layer	2_to_24	is	28	cycles
NoP latency for layer	350_to_358	is	44	cycles
NoP latency for layer	300_to_317	is	19	cycles
NoP latency for layer	192_to_208	is	49	cycles
NoP latency for layer	82_to_88	is	44	cycles
NoP latency for layer	358_to_359	is	98	cycles
NoP latency for layer	151_to_155	is	24	cycles
NoP latency for layer	240_to_255	is	29	cycles
NoP latency for layer	344_to_358	is	44	cycles
NoP latency for layer	62_to_70	is	28	cycles
NoP latency for layer	211_to_225	is	29	cycles
NoP latency for layer	186_to_208	is	49	cycles
NoP latency for layer	0_to_11	is	24	cycles
NoP latency for layer	76_to_88	is	44	cycles
NoP latency for layer	32_to_42	is	28	cycles
NoP latency for layer	332_to_342	is	23	cycles
NoP latency for layer	270_to_281	is	29	cycles
NoP latency for layer	1_to_11	is	24	cycles
NoP latency for layer	301_to_321	is	19	cycles
NoP latency for layer	50_to_58	is	49	cycles
NoP latency for layer	92_to_114	is	23	cycles
NoP latency for layer	146_to_148	is	44	cycles
NoP latency for layer	180_to_193	is	24	cycles
NoP latency for layer	150_to_163	is	24	cycles
NoP latency for layer	91_to_107	is	19	cycles
NoP latency for layer	182_to_202	is	28	cycles
NoP latency for layer	241_to_263	is	29	cycles
NoP latency for layer	300_to_319	is	19	cycles
NoP latency for layer	120_to_123	is	19	cycles
NoP latency for layer	331_to_351	is	19	cycles
NoP latency for layer	210_to_213	is	29	cycles
NoP latency for layer	271_to_279	is	29	cycles
NoP latency for layer	92_to_102	is	23	cycles
NoP latency for layer	128_to_148	is	44	cycles
NoP latency for layer	61_to_85	is	24	cycles
NoP latency for layer	242_to_266	is	33	cycles
NoP latency for layer	62_to_68	is	28	cycles
NoP latency for layer	332_to_354	is	23	cycles
NoP latency for layer	32_to_54	is	28	cycles
NoP latency for layer	86_to_88	is	44	cycles
NoP latency for layer	326_to_328	is	44	cycles
NoP latency for layer	120_to_135	is	19	cycles
NoP latency for layer	331_to_347	is	19	cycles
NoP latency for layer	91_to_93	is	19	cycles
NoP latency for layer	18_to_28	is	49	cycles
NoP latency for layer	302_to_324	is	23	cycles
NoP latency for layer	150_to_175	is	24	cycles
NoP latency for layer	91_to_111	is	19	cycles
NoP latency for layer	180_to_185	is	24	cycles
NoP latency for layer	168_to_178	is	49	cycles
NoP latency for layer	278_to_298	is	44	cycles
NoP latency for layer	2_to_4	is	28	cycles
NoP latency for layer	331_to_349	is	19	cycles
NoP latency for layer	256_to_268	is	54	cycles
NoP latency for layer	286_to_298	is	44	cycles
NoP latency for layer	116_to_118	is	44	cycles
NoP latency for layer	154_to_178	is	49	cycles
NoP latency for layer	331_to_335	is	19	cycles
NoP latency for layer	212_to_220	is	33	cycles
NoP latency for layer	90_to_93	is	19	cycles
NoP latency for layer	211_to_233	is	29	cycles
NoP latency for layer	271_to_277	is	29	cycles
NoP latency for layer	60_to_85	is	24	cycles
NoP latency for layer	200_to_208	is	49	cycles
NoP latency for layer	292_to_298	is	44	cycles
NoP latency for layer	62_to_66	is	28	cycles
NoP latency for layer	54_to_58	is	49	cycles
NoP latency for layer	102_to_118	is	44	cycles
NoP latency for layer	240_to_243	is	29	cycles
NoP latency for layer	72_to_88	is	44	cycles
NoP latency for layer	271_to_293	is	29	cycles
NoP latency for layer	302_to_318	is	23	cycles
NoP latency for layer	360_to_0	is	40	cycles
NoP latency for layer	241_to_249	is	29	cycles
NoP latency for layer	62_to_82	is	28	cycles
NoP latency for layer	152_to_162	is	28	cycles
NoP latency for layer	182_to_192	is	28	cycles
NoP latency for layer	31_to_53	is	24	cycles
NoP latency for layer	180_to_203	is	24	cycles
NoP latency for layer	218_to_238	is	54	cycles
NoP latency for layer	70_to_88	is	44	cycles
NoP latency for layer	1_to_9	is	24	cycles
NoP latency for layer	151_to_171	is	24	cycles
NoP latency for layer	90_to_115	is	19	cycles
NoP latency for layer	56_to_58	is	49	cycles
NoP latency for layer	92_to_94	is	23	cycles
NoP latency for layer	121_to_131	is	19	cycles
NoP latency for layer	330_to_343	is	19	cycles
NoP latency for layer	272_to_280	is	33	cycles
NoP latency for layer	224_to_238	is	54	cycles
NoP latency for layer	94_to_118	is	44	cycles
NoP latency for layer	121_to_143	is	19	cycles
NoP latency for layer	1_to_7	is	24	cycles
NoP latency for layer	242_to_254	is	33	cycles
NoP latency for layer	198_to_208	is	49	cycles
NoP latency for layer	301_to_305	is	19	cycles
NoP latency for layer	302_to_316	is	23	cycles
NoP latency for layer	230_to_238	is	54	cycles
NoP latency for layer	241_to_247	is	29	cycles
NoP latency for layer	270_to_273	is	29	cycles
NoP latency for layer	30_to_53	is	24	cycles
NoP latency for layer	84_to_88	is	44	cycles
NoP latency for layer	1_to_17	is	24	cycles
NoP latency for layer	62_to_78	is	28	cycles
NoP latency for layer	32_to_38	is	28	cycles
NoP latency for layer	92_to_112	is	23	cycles
NoP latency for layer	332_to_338	is	23	cycles
NoP latency for layer	0_to_19	is	24	cycles
NoP latency for layer	32_to_44	is	28	cycles
NoP latency for layer	332_to_344	is	23	cycles
NoP latency for layer	270_to_287	is	29	cycles
NoP latency for layer	120_to_125	is	19	cycles
NoP latency for layer	210_to_215	is	29	cycles
NoP latency for layer	91_to_101	is	19	cycles
NoP latency for layer	150_to_165	is	24	cycles
NoP latency for layer	180_to_195	is	24	cycles
NoP latency for layer	182_to_204	is	28	cycles
NoP latency for layer	241_to_265	is	29	cycles
NoP latency for layer	300_to_311	is	19	cycles
NoP latency for layer	10_to_28	is	49	cycles
NoP latency for layer	212_to_230	is	33	cycles
NoP latency for layer	272_to_274	is	33	cycles
NoP latency for layer	226_to_238	is	54	cycles
NoP latency for layer	2_to_22	is	28	cycles
NoP latency for layer	96_to_118	is	44	cycles
NoP latency for layer	1_to_19	is	24	cycles
NoP latency for layer	62_to_76	is	28	cycles
NoP latency for layer	32_to_36	is	28	cycles
NoP latency for layer	359_to_360	is	36	cycles
NoP latency for layer	332_to_336	is	23	cycles
NoP latency for layer	211_to_223	is	29	cycles
NoP latency for layer	0_to_17	is	24	cycles
NoP latency for layer	232_to_238	is	54	cycles
NoP latency for layer	151_to_153	is	24	cycles
NoP latency for layer	240_to_253	is	29	cycles
NoP latency for layer	270_to_289	is	29	cycles
NoP latency for layer	150_to_159	is	24	cycles
NoP latency for layer	2_to_10	is	28	cycles
NoP latency for layer	241_to_259	is	29	cycles
NoP latency for layer	122_to_132	is	23	cycles
NoP latency for layer	271_to_283	is	29	cycles
NoP latency for layer	302_to_308	is	23	cycles
NoP latency for layer	60_to_71	is	24	cycles
NoP latency for layer	300_to_323	is	19	cycles
NoP latency for layer	31_to_43	is	24	cycles
NoP latency for layer	152_to_172	is	28	cycles
NoP latency for layer	12_to_28	is	49	cycles
NoP latency for layer	210_to_229	is	29	cycles
NoP latency for layer	181_to_191	is	24	cycles
NoP latency for layer	90_to_105	is	19	cycles
NoP latency for layer	151_to_161	is	24	cycles
NoP latency for layer	240_to_261	is	29	cycles
NoP latency for layer	272_to_290	is	33	cycles
NoP latency for layer	330_to_353	is	19	cycles
NoP latency for layer	324_to_328	is	44	cycles
NoP latency for layer	0_to_25	is	24	cycles
NoP latency for layer	114_to_118	is	44	cycles
NoP latency for layer	156_to_178	is	49	cycles
NoP latency for layer	301_to_315	is	19	cycles
NoP latency for layer	318_to_328	is	44	cycles
NoP latency for layer	242_to_244	is	33	cycles
NoP latency for layer	78_to_88	is	44	cycles
NoP latency for layer	1_to_25	is	24	cycles
NoP latency for layer	284_to_298	is	44	cycles
NoP latency for layer	254_to_268	is	54	cycles
NoP latency for layer	61_to_71	is	24	cycles
NoP latency for layer	100_to_118	is	44	cycles
NoP latency for layer	150_to_157	is	24	cycles
NoP latency for layer	0_to_5	is	24	cycles
NoP latency for layer	241_to_257	is	29	cycles
NoP latency for layer	302_to_306	is	23	cycles
NoP latency for layer	202_to_208	is	49	cycles
NoP latency for layer	122_to_140	is	23	cycles
NoP latency for layer	30_to_43	is	24	cycles
NoP latency for layer	210_to_227	is	29	cycles
NoP latency for layer	290_to_298	is	44	cycles
NoP latency for layer	352_to_358	is	44	cycles
NoP latency for layer	121_to_139	is	19	cycles
NoP latency for layer	242_to_252	is	33	cycles
NoP latency for layer	190_to_208	is	49	cycles
NoP latency for layer	272_to_288	is	33	cycles
NoP latency for layer	301_to_303	is	19	cycles
NoP latency for layer	121_to_145	is	19	cycles
NoP latency for layer	181_to_189	is	24	cycles
NoP latency for layer	330_to_337	is	19	cycles
NoP latency for layer	346_to_358	is	44	cycles
NoP latency for layer	270_to_275	is	29	cycles
NoP latency for layer	210_to_231	is	29	cycles
NoP latency for layer	16_to_28	is	49	cycles
NoP latency for layer	30_to_55	is	24	cycles
NoP latency for layer	184_to_208	is	49	cycles
NoP latency for layer	302_to_310	is	23	cycles
NoP latency for layer	60_to_69	is	24	cycles
NoP latency for layer	61_to_67	is	24	cycles
NoP latency for layer	182_to_194	is	28	cycles
NoP latency for layer	152_to_164	is	28	cycles
NoP latency for layer	31_to_55	is	24	cycles
NoP latency for layer	180_to_205	is	24	cycles
NoP latency for layer	144_to_148	is	44	cycles
NoP latency for layer	271_to_295	is	29	cycles
NoP latency for layer	60_to_67	is	24	cycles
NoP latency for layer	122_to_124	is	23	cycles
NoP latency for layer	212_to_214	is	33	cycles
NoP latency for layer	61_to_69	is	24	cycles
NoP latency for layer	62_to_84	is	28	cycles
NoP latency for layer	121_to_137	is	19	cycles
NoP latency for layer	330_to_345	is	19	cycles
NoP latency for layer	272_to_286	is	33	cycles
NoP latency for layer	90_to_113	is	19	cycles
NoP latency for layer	181_to_187	is	24	cycles
NoP latency for layer	330_to_339	is	19	cycles
NoP latency for layer	120_to_141	is	19	cycles
NoP latency for layer	331_to_333	is	19	cycles
NoP latency for layer	212_to_226	is	33	cycles
NoP latency for layer	90_to_95	is	19	cycles
NoP latency for layer	152_to_156	is	28	cycles
NoP latency for layer	312_to_328	is	44	cycles
NoP latency for layer	336_to_358	is	44	cycles
NoP latency for layer	300_to_307	is	19	cycles
NoP latency for layer	240_to_245	is	29	cycles
NoP latency for layer	211_to_235	is	29	cycles
NoP latency for layer	60_to_83	is	24	cycles
NoP latency for layer	306_to_328	is	44	cycles
NoP latency for layer	270_to_291	is	29	cycles
NoP latency for layer	332_to_352	is	23	cycles
NoP latency for layer	32_to_52	is	28	cycles
NoP latency for layer	174_to_178	is	49	cycles
NoP latency for layer	92_to_104	is	23	cycles
NoP latency for layer	181_to_201	is	24	cycles
NoP latency for layer	61_to_83	is	24	cycles
NoP latency for layer	242_to_260	is	33	cycles
NoP latency for layer	91_to_95	is	19	cycles
NoP latency for layer	302_to_322	is	23	cycles
NoP latency for layer	180_to_183	is	24	cycles
NoP latency for layer	150_to_173	is	24	cycles
NoP latency for layer	160_to_178	is	49	cycles
NoP latency for layer	212_to_228	is	33	cycles
NoP latency for layer	152_to_158	is	28	cycles
NoP latency for layer	134_to_148	is	44	cycles
NoP latency for layer	120_to_133	is	19	cycles
NoP latency for layer	331_to_341	is	19	cycles
NoP latency for layer	262_to_268	is	54	cycles
NoP latency for layer	14_to_28	is	49	cycles
NoP latency for layer	300_to_309	is	19	cycles
