NoP latency for layer	122_to_135	is	153	cycles
NoP latency for layer	333_to_347	is	128	cycles
NoP latency for layer	151_to_161	is	134	cycles
NoP latency for layer	181_to_191	is	128	cycles
NoP latency for layer	152_to_175	is	134	cycles
NoP latency for layer	182_to_185	is	128	cycles
NoP latency for layer	273_to_279	is	128	cycles
NoP latency for layer	62_to_71	is	134	cycles
NoP latency for layer	183_to_207	is	128	cycles
NoP latency for layer	33_to_43	is	134	cycles
NoP latency for layer	271_to_283	is	128	cycles
NoP latency for layer	3_to_5	is	147	cycles
NoP latency for layer	241_to_259	is	147	cycles
NoP latency for layer	273_to_277	is	128	cycles
NoP latency for layer	213_to_233	is	134	cycles
NoP latency for layer	63_to_71	is	134	cycles
NoP latency for layer	93_to_101	is	147	cycles
NoP latency for layer	3_to_27	is	147	cycles
NoP latency for layer	241_to_257	is	147	cycles
NoP latency for layer	32_to_43	is	134	cycles
NoP latency for layer	1_to_15	is	147	cycles
NoP latency for layer	301_to_315	is	121	cycles
NoP latency for layer	333_to_349	is	128	cycles
NoP latency for layer	298_to_299	is	432	cycles
NoP latency for layer	333_to_335	is	128	cycles
NoP latency for layer	3_to_15	is	147	cycles
NoP latency for layer	241_to_265	is	147	cycles
NoP latency for layer	153_to_171	is	134	cycles
NoP latency for layer	61_to_71	is	134	cycles
NoP latency for layer	123_to_131	is	153	cycles
NoP latency for layer	332_to_343	is	128	cycles
NoP latency for layer	243_to_249	is	147	cycles
NoP latency for layer	273_to_293	is	128	cycles
NoP latency for layer	182_to_203	is	128	cycles
NoP latency for layer	243_to_247	is	147	cycles
NoP latency for layer	92_to_105	is	147	cycles
NoP latency for layer	91_to_111	is	147	cycles
NoP latency for layer	211_to_223	is	134	cycles
NoP latency for layer	2_to_15	is	147	cycles
NoP latency for layer	123_to_143	is	153	cycles
NoP latency for layer	31_to_43	is	147	cycles
NoP latency for layer	303_to_305	is	121	cycles
NoP latency for layer	211_to_235	is	134	cycles
NoP latency for layer	212_to_221	is	134	cycles
NoP latency for layer	91_to_107	is	147	cycles
NoP latency for layer	62_to_83	is	134	cycles
NoP latency for layer	243_to_251	is	147	cycles
NoP latency for layer	92_to_113	is	147	cycles
NoP latency for layer	123_to_129	is	153	cycles
NoP latency for layer	303_to_313	is	121	cycles
NoP latency for layer	61_to_69	is	134	cycles
NoP latency for layer	92_to_95	is	147	cycles
NoP latency for layer	213_to_219	is	134	cycles
NoP latency for layer	31_to_55	is	147	cycles
NoP latency for layer	183_to_199	is	128	cycles
NoP latency for layer	153_to_169	is	134	cycles
NoP latency for layer	123_to_127	is	153	cycles
NoP latency for layer	332_to_355	is	128	cycles
NoP latency for layer	61_to_67	is	134	cycles
NoP latency for layer	93_to_95	is	147	cycles
NoP latency for layer	331_to_341	is	128	cycles
NoP latency for layer	213_to_217	is	134	cycles
NoP latency for layer	153_to_167	is	134	cycles
NoP latency for layer	183_to_197	is	128	cycles
NoP latency for layer	302_to_325	is	121	cycles
NoP latency for layer	181_to_201	is	128	cycles
NoP latency for layer	91_to_109	is	147	cycles
NoP latency for layer	1_to_5	is	147	cycles
NoP latency for layer	273_to_285	is	128	cycles
NoP latency for layer	63_to_83	is	134	cycles
NoP latency for layer	32_to_55	is	134	cycles
NoP latency for layer	153_to_155	is	134	cycles
NoP latency for layer	242_to_255	is	147	cycles
NoP latency for layer	93_to_117	is	147	cycles
NoP latency for layer	62_to_69	is	134	cycles
NoP latency for layer	213_to_225	is	134	cycles
NoP latency for layer	63_to_67	is	134	cycles
NoP latency for layer	91_to_95	is	147	cycles
NoP latency for layer	61_to_83	is	134	cycles
NoP latency for layer	181_to_189	is	128	cycles
NoP latency for layer	121_to_145	is	153	cycles
NoP latency for layer	302_to_317	is	121	cycles
NoP latency for layer	121_to_139	is	153	cycles
NoP latency for layer	182_to_193	is	128	cycles
NoP latency for layer	152_to_163	is	134	cycles
NoP latency for layer	243_to_263	is	147	cycles
NoP latency for layer	181_to_187	is	128	cycles
NoP latency for layer	333_to_351	is	128	cycles
NoP latency for layer	302_to_319	is	121	cycles
NoP latency for layer	121_to_137	is	153	cycles
NoP latency for layer	271_to_295	is	128	cycles
NoP latency for layer	272_to_281	is	128	cycles
NoP latency for layer	33_to_55	is	134	cycles
NoP latency for layer	303_to_321	is	121	cycles
NoP latency for layer	62_to_67	is	134	cycles
NoP latency for layer	63_to_69	is	134	cycles
NoP latency for layer	212_to_231	is	134	cycles
NoP latency for layer	272_to_275	is	128	cycles
NoP latency for layer	211_to_225	is	134	cycles
NoP latency for layer	92_to_103	is	147	cycles
NoP latency for layer	358_to_359	is	432	cycles
NoP latency for layer	151_to_155	is	134	cycles
NoP latency for layer	61_to_79	is	134	cycles
NoP latency for layer	123_to_139	is	153	cycles
NoP latency for layer	31_to_39	is	147	cycles
NoP latency for layer	31_to_45	is	147	cycles
NoP latency for layer	183_to_189	is	128	cycles
NoP latency for layer	123_to_145	is	153	cycles
NoP latency for layer	2_to_13	is	147	cycles
NoP latency for layer	332_to_337	is	128	cycles
NoP latency for layer	331_to_351	is	128	cycles
NoP latency for layer	61_to_77	is	134	cycles
NoP latency for layer	31_to_37	is	147	cycles
NoP latency for layer	123_to_137	is	153	cycles
NoP latency for layer	332_to_345	is	128	cycles
NoP latency for layer	3_to_13	is	147	cycles
NoP latency for layer	1_to_21	is	147	cycles
NoP latency for layer	241_to_263	is	147	cycles
NoP latency for layer	153_to_177	is	134	cycles
NoP latency for layer	183_to_187	is	128	cycles
NoP latency for layer	332_to_339	is	128	cycles
NoP latency for layer	301_to_321	is	121	cycles
NoP latency for layer	182_to_205	is	128	cycles
NoP latency for layer	273_to_295	is	128	cycles
NoP latency for layer	242_to_245	is	147	cycles
NoP latency for layer	93_to_107	is	147	cycles
NoP latency for layer	3_to_21	is	147	cycles
NoP latency for layer	241_to_251	is	147	cycles
NoP latency for layer	1_to_13	is	147	cycles
NoP latency for layer	32_to_45	is	134	cycles
NoP latency for layer	33_to_37	is	134	cycles
NoP latency for layer	213_to_235	is	134	cycles
NoP latency for layer	63_to_77	is	134	cycles
NoP latency for layer	62_to_79	is	134	cycles
NoP latency for layer	32_to_39	is	134	cycles
NoP latency for layer	151_to_169	is	134	cycles
NoP latency for layer	181_to_199	is	128	cycles
NoP latency for layer	122_to_141	is	153	cycles
NoP latency for layer	121_to_129	is	153	cycles
NoP latency for layer	301_to_313	is	121	cycles
NoP latency for layer	302_to_307	is	121	cycles
NoP latency for layer	211_to_219	is	134	cycles
NoP latency for layer	181_to_197	is	128	cycles
NoP latency for layer	151_to_167	is	134	cycles
NoP latency for layer	152_to_173	is	134	cycles
NoP latency for layer	121_to_127	is	153	cycles
NoP latency for layer	302_to_309	is	121	cycles
NoP latency for layer	122_to_133	is	153	cycles
NoP latency for layer	211_to_217	is	134	cycles
NoP latency for layer	333_to_341	is	128	cycles
NoP latency for layer	33_to_45	is	134	cycles
NoP latency for layer	93_to_109	is	147	cycles
NoP latency for layer	272_to_291	is	128	cycles
NoP latency for layer	268_to_269	is	463	cycles
NoP latency for layer	271_to_285	is	128	cycles
NoP latency for layer	2_to_21	is	147	cycles
NoP latency for layer	33_to_39	is	134	cycles
NoP latency for layer	360_to_361	is	463	cycles
NoP latency for layer	63_to_79	is	134	cycles
NoP latency for layer	183_to_201	is	128	cycles
NoP latency for layer	62_to_77	is	134	cycles
NoP latency for layer	32_to_37	is	134	cycles
NoP latency for layer	122_to_125	is	153	cycles
NoP latency for layer	333_to_357	is	128	cycles
NoP latency for layer	121_to_131	is	153	cycles
NoP latency for layer	212_to_215	is	134	cycles
NoP latency for layer	152_to_165	is	134	cycles
NoP latency for layer	182_to_195	is	128	cycles
NoP latency for layer	2_to_7	is	147	cycles
NoP latency for layer	243_to_265	is	147	cycles
NoP latency for layer	151_to_171	is	134	cycles
NoP latency for layer	303_to_327	is	121	cycles
NoP latency for layer	241_to_249	is	147	cycles
NoP latency for layer	271_to_293	is	128	cycles
NoP latency for layer	272_to_287	is	128	cycles
NoP latency for layer	33_to_53	is	134	cycles
NoP latency for layer	213_to_223	is	134	cycles
NoP latency for layer	241_to_247	is	147	cycles
NoP latency for layer	32_to_53	is	134	cycles
NoP latency for layer	272_to_289	is	128	cycles
NoP latency for layer	242_to_253	is	147	cycles
NoP latency for layer	93_to_111	is	147	cycles
NoP latency for layer	238_to_239	is	432	cycles
NoP latency for layer	302_to_311	is	121	cycles
NoP latency for layer	301_to_305	is	121	cycles
NoP latency for layer	2_to_9	is	147	cycles
NoP latency for layer	61_to_85	is	134	cycles
NoP latency for layer	121_to_143	is	153	cycles
NoP latency for layer	183_to_191	is	128	cycles
NoP latency for layer	153_to_161	is	134	cycles
NoP latency for layer	242_to_261	is	147	cycles
NoP latency for layer	332_to_353	is	128	cycles
NoP latency for layer	331_to_347	is	128	cycles
NoP latency for layer	152_to_159	is	134	cycles
NoP latency for layer	273_to_283	is	128	cycles
NoP latency for layer	63_to_85	is	134	cycles
NoP latency for layer	243_to_259	is	147	cycles
NoP latency for layer	302_to_323	is	121	cycles
NoP latency for layer	271_to_279	is	128	cycles
NoP latency for layer	212_to_229	is	134	cycles
NoP latency for layer	91_to_101	is	147	cycles
NoP latency for layer	62_to_85	is	134	cycles
NoP latency for layer	152_to_157	is	134	cycles
NoP latency for layer	243_to_257	is	147	cycles
NoP latency for layer	92_to_115	is	147	cycles
NoP latency for layer	211_to_233	is	134	cycles
NoP latency for layer	271_to_277	is	128	cycles
NoP latency for layer	212_to_227	is	134	cycles
NoP latency for layer	31_to_53	is	147	cycles
NoP latency for layer	208_to_209	is	432	cycles
NoP latency for layer	331_to_335	is	128	cycles
NoP latency for layer	303_to_315	is	121	cycles
NoP latency for layer	331_to_349	is	128	cycles
NoP latency for layer	152_to_161	is	134	cycles
NoP latency for layer	182_to_191	is	128	cycles
NoP latency for layer	243_to_261	is	147	cycles
NoP latency for layer	151_to_175	is	134	cycles
NoP latency for layer	181_to_185	is	128	cycles
NoP latency for layer	333_to_353	is	128	cycles
NoP latency for layer	121_to_135	is	153	cycles
NoP latency for layer	153_to_159	is	134	cycles
NoP latency for layer	272_to_283	is	128	cycles
NoP latency for layer	242_to_259	is	147	cycles
NoP latency for layer	33_to_57	is	134	cycles
NoP latency for layer	303_to_323	is	121	cycles
NoP latency for layer	62_to_65	is	134	cycles
NoP latency for layer	91_to_99	is	147	cycles
NoP latency for layer	213_to_229	is	134	cycles
NoP latency for layer	153_to_157	is	134	cycles
NoP latency for layer	93_to_115	is	147	cycles
NoP latency for layer	242_to_257	is	147	cycles
NoP latency for layer	91_to_97	is	147	cycles
NoP latency for layer	63_to_65	is	134	cycles
NoP latency for layer	213_to_227	is	134	cycles
NoP latency for layer	61_to_81	is	134	cycles
NoP latency for layer	302_to_315	is	121	cycles
NoP latency for layer	123_to_125	is	153	cycles
NoP latency for layer	93_to_97	is	147	cycles
NoP latency for layer	61_to_65	is	134	cycles
NoP latency for layer	92_to_99	is	147	cycles
NoP latency for layer	213_to_215	is	134	cycles
NoP latency for layer	331_to_343	is	128	cycles
NoP latency for layer	183_to_195	is	128	cycles
NoP latency for layer	153_to_165	is	134	cycles
NoP latency for layer	242_to_265	is	147	cycles
NoP latency for layer	181_to_203	is	128	cycles
NoP latency for layer	1_to_7	is	147	cycles
NoP latency for layer	63_to_81	is	134	cycles
NoP latency for layer	273_to_287	is	128	cycles
NoP latency for layer	212_to_223	is	134	cycles
NoP latency for layer	91_to_105	is	147	cycles
NoP latency for layer	1_to_9	is	147	cycles
NoP latency for layer	62_to_81	is	134	cycles
NoP latency for layer	273_to_289	is	128	cycles
NoP latency for layer	92_to_111	is	147	cycles
NoP latency for layer	243_to_253	is	147	cycles
NoP latency for layer	303_to_311	is	121	cycles
NoP latency for layer	93_to_99	is	147	cycles
NoP latency for layer	92_to_97	is	147	cycles
NoP latency for layer	92_to_107	is	147	cycles
NoP latency for layer	243_to_245	is	147	cycles
NoP latency for layer	91_to_113	is	147	cycles
NoP latency for layer	361_to_0	is	446	cycles
NoP latency for layer	212_to_235	is	134	cycles
NoP latency for layer	211_to_221	is	134	cycles
NoP latency for layer	3_to_19	is	147	cycles
NoP latency for layer	123_to_141	is	153	cycles
NoP latency for layer	2_to_17	is	147	cycles
NoP latency for layer	31_to_41	is	147	cycles
NoP latency for layer	303_to_307	is	121	cycles
NoP latency for layer	3_to_17	is	147	cycles
NoP latency for layer	1_to_25	is	147	cycles
NoP latency for layer	153_to_173	is	134	cycles
NoP latency for layer	2_to_19	is	147	cycles
NoP latency for layer	331_to_355	is	128	cycles
NoP latency for layer	303_to_309	is	121	cycles
NoP latency for layer	61_to_73	is	134	cycles
NoP latency for layer	332_to_341	is	128	cycles
NoP latency for layer	123_to_133	is	153	cycles
NoP latency for layer	31_to_33	is	432	cycles
NoP latency for layer	92_to_109	is	147	cycles
NoP latency for layer	273_to_291	is	128	cycles
NoP latency for layer	301_to_325	is	121	cycles
NoP latency for layer	182_to_201	is	128	cycles
NoP latency for layer	63_to_73	is	134	cycles
NoP latency for layer	213_to_231	is	134	cycles
NoP latency for layer	273_to_275	is	128	cycles
NoP latency for layer	93_to_103	is	147	cycles
NoP latency for layer	3_to_25	is	147	cycles
NoP latency for layer	3_to_9	is	147	cycles
NoP latency for layer	32_to_41	is	134	cycles
NoP latency for layer	1_to_17	is	147	cycles
NoP latency for layer	241_to_255	is	147	cycles
NoP latency for layer	301_to_317	is	121	cycles
NoP latency for layer	122_to_139	is	153	cycles
NoP latency for layer	333_to_337	is	128	cycles
NoP latency for layer	122_to_145	is	153	cycles
NoP latency for layer	182_to_189	is	128	cycles
NoP latency for layer	301_to_319	is	121	cycles
NoP latency for layer	333_to_345	is	128	cycles
NoP latency for layer	122_to_137	is	153	cycles
NoP latency for layer	181_to_193	is	128	cycles
NoP latency for layer	151_to_163	is	134	cycles
NoP latency for layer	333_to_339	is	128	cycles
NoP latency for layer	182_to_187	is	128	cycles
NoP latency for layer	62_to_73	is	134	cycles
NoP latency for layer	183_to_205	is	128	cycles
NoP latency for layer	33_to_41	is	134	cycles
NoP latency for layer	272_to_295	is	128	cycles
NoP latency for layer	2_to_25	is	147	cycles
NoP latency for layer	3_to_7	is	147	cycles
NoP latency for layer	271_to_281	is	128	cycles
NoP latency for layer	1_to_19	is	147	cycles
NoP latency for layer	91_to_103	is	147	cycles
NoP latency for layer	152_to_155	is	134	cycles
NoP latency for layer	243_to_255	is	147	cycles
NoP latency for layer	271_to_275	is	128	cycles
NoP latency for layer	211_to_231	is	134	cycles
NoP latency for layer	212_to_225	is	134	cycles
NoP latency for layer	31_to_51	is	147	cycles
NoP latency for layer	331_to_337	is	128	cycles
NoP latency for layer	303_to_317	is	121	cycles
NoP latency for layer	153_to_163	is	134	cycles
NoP latency for layer	183_to_193	is	128	cycles
NoP latency for layer	242_to_263	is	147	cycles
NoP latency for layer	331_to_339	is	128	cycles
NoP latency for layer	332_to_351	is	128	cycles
NoP latency for layer	303_to_319	is	121	cycles
NoP latency for layer	331_to_345	is	128	cycles
NoP latency for layer	63_to_87	is	134	cycles
NoP latency for layer	273_to_281	is	128	cycles
NoP latency for layer	178_to_179	is	432	cycles
NoP latency for layer	302_to_321	is	121	cycles
NoP latency for layer	181_to_205	is	128	cycles
NoP latency for layer	213_to_221	is	134	cycles
NoP latency for layer	32_to_51	is	134	cycles
NoP latency for layer	241_to_245	is	147	cycles
NoP latency for layer	93_to_113	is	147	cycles
NoP latency for layer	242_to_251	is	147	cycles
NoP latency for layer	122_to_129	is	153	cycles
NoP latency for layer	302_to_313	is	121	cycles
NoP latency for layer	301_to_307	is	121	cycles
NoP latency for layer	212_to_219	is	134	cycles
NoP latency for layer	152_to_169	is	134	cycles
NoP latency for layer	182_to_199	is	128	cycles
NoP latency for layer	121_to_141	is	153	cycles
NoP latency for layer	333_to_355	is	128	cycles
NoP latency for layer	122_to_127	is	153	cycles
NoP latency for layer	301_to_309	is	121	cycles
NoP latency for layer	212_to_217	is	134	cycles
NoP latency for layer	121_to_133	is	153	cycles
NoP latency for layer	182_to_197	is	128	cycles
NoP latency for layer	152_to_167	is	134	cycles
NoP latency for layer	2_to_5	is	147	cycles
NoP latency for layer	243_to_267	is	147	cycles
NoP latency for layer	151_to_173	is	134	cycles
NoP latency for layer	303_to_325	is	121	cycles
NoP latency for layer	148_to_149	is	463	cycles
NoP latency for layer	271_to_291	is	128	cycles
NoP latency for layer	272_to_285	is	128	cycles
NoP latency for layer	33_to_51	is	134	cycles
NoP latency for layer	151_to_165	is	134	cycles
NoP latency for layer	181_to_195	is	128	cycles
NoP latency for layer	152_to_171	is	134	cycles
NoP latency for layer	328_to_329	is	432	cycles
NoP latency for layer	121_to_125	is	153	cycles
NoP latency for layer	333_to_343	is	128	cycles
NoP latency for layer	211_to_215	is	134	cycles
NoP latency for layer	122_to_131	is	153	cycles
NoP latency for layer	242_to_249	is	147	cycles
NoP latency for layer	33_to_47	is	134	cycles
NoP latency for layer	272_to_293	is	128	cycles
NoP latency for layer	2_to_23	is	147	cycles
NoP latency for layer	271_to_287	is	128	cycles
NoP latency for layer	32_to_49	is	134	cycles
NoP latency for layer	183_to_203	is	128	cycles
NoP latency for layer	62_to_75	is	134	cycles
NoP latency for layer	32_to_35	is	134	cycles
NoP latency for layer	93_to_105	is	147	cycles
NoP latency for layer	33_to_49	is	134	cycles
NoP latency for layer	242_to_247	is	147	cycles
NoP latency for layer	3_to_23	is	147	cycles
NoP latency for layer	271_to_289	is	128	cycles
NoP latency for layer	1_to_11	is	147	cycles
NoP latency for layer	32_to_47	is	134	cycles
NoP latency for layer	241_to_253	is	147	cycles
NoP latency for layer	33_to_35	is	134	cycles
NoP latency for layer	63_to_75	is	134	cycles
NoP latency for layer	213_to_237	is	134	cycles
NoP latency for layer	118_to_119	is	432	cycles
NoP latency for layer	122_to_143	is	153	cycles
NoP latency for layer	301_to_311	is	121	cycles
NoP latency for layer	302_to_305	is	121	cycles
NoP latency for layer	331_to_353	is	128	cycles
NoP latency for layer	61_to_75	is	134	cycles
NoP latency for layer	332_to_347	is	128	cycles
NoP latency for layer	31_to_35	is	147	cycles
NoP latency for layer	123_to_135	is	153	cycles
NoP latency for layer	3_to_11	is	147	cycles
NoP latency for layer	241_to_261	is	147	cycles
NoP latency for layer	1_to_23	is	147	cycles
NoP latency for layer	183_to_185	is	128	cycles
NoP latency for layer	153_to_175	is	134	cycles
NoP latency for layer	31_to_49	is	147	cycles
NoP latency for layer	301_to_323	is	121	cycles
NoP latency for layer	272_to_279	is	128	cycles
NoP latency for layer	211_to_229	is	134	cycles
NoP latency for layer	151_to_159	is	134	cycles
NoP latency for layer	273_to_297	is	128	cycles
NoP latency for layer	272_to_277	is	128	cycles
NoP latency for layer	212_to_233	is	134	cycles
NoP latency for layer	211_to_227	is	134	cycles
NoP latency for layer	92_to_101	is	147	cycles
NoP latency for layer	151_to_157	is	134	cycles
NoP latency for layer	91_to_115	is	147	cycles
NoP latency for layer	332_to_349	is	128	cycles
NoP latency for layer	332_to_335	is	128	cycles
NoP latency for layer	31_to_47	is	147	cycles
NoP latency for layer	2_to_11	is	147	cycles
NoP latency for layer	123_to_147	is	153	cycles
