NoP latency for layer	70_to_752	is	58	cycles
NoP latency for layer	308_to_510	is	36	cycles
NoP latency for layer	376_to_426	is	45	cycles
NoP latency for layer	2_to_834	is	45	cycles
NoP latency for layer	307_to_501	is	36	cycles
NoP latency for layer	95_to_744	is	318	cycles
NoP latency for layer	205_to_617	is	45	cycles
NoP latency for layer	104_to_720	is	58	cycles
NoP latency for layer	138_to_676	is	58	cycles
NoP latency for layer	240_to_570	is	45	cycles
NoP latency for layer	206_to_604	is	45	cycles
NoP latency for layer	239_to_575	is	45	cycles
NoP latency for layer	375_to_435	is	45	cycles
NoP latency for layer	334_to_490	is	26	cycles
NoP latency for layer	1_to_827	is	45	cycles
NoP latency for layer	1_to_829	is	45	cycles
NoP latency for layer	69_to_761	is	58	cycles
NoP latency for layer	376_to_428	is	45	cycles
NoP latency for layer	267_to_561	is	90	cycles
NoP latency for layer	205_to_619	is	45	cycles
NoP latency for layer	138_to_678	is	58	cycles
NoP latency for layer	36_to_792	is	45	cycles
NoP latency for layer	274_to_538	is	45	cycles
NoP latency for layer	171_to_643	is	45	cycles
NoP latency for layer	274_to_544	is	45	cycles
NoP latency for layer	299_to_528	is	286	cycles
NoP latency for layer	273_to_553	is	45	cycles
NoP latency for layer	69_to_753	is	58	cycles
NoP latency for layer	172_to_650	is	45	cycles
NoP latency for layer	104_to_712	is	58	cycles
NoP latency for layer	342_to_460	is	45	cycles
NoP latency for layer	205_to_625	is	45	cycles
NoP latency for layer	266_to_562	is	35	cycles
NoP latency for layer	167_to_666	is	300	cycles
NoP latency for layer	235_to_594	is	295	cycles
NoP latency for layer	70_to_760	is	58	cycles
NoP latency for layer	274_to_536	is	45	cycles
NoP latency for layer	304_to_520	is	26	cycles
NoP latency for layer	137_to_683	is	58	cycles
NoP latency for layer	63_to_777	is	96	cycles
NoP latency for layer	138_to_692	is	58	cycles
NoP latency for layer	341_to_473	is	45	cycles
NoP latency for layer	172_to_648	is	45	cycles
NoP latency for layer	239_to_587	is	45	cycles
NoP latency for layer	103_to_713	is	58	cycles
NoP latency for layer	368_to_454	is	26	cycles
NoP latency for layer	240_to_582	is	45	cycles
NoP latency for layer	342_to_476	is	45	cycles
NoP latency for layer	201_to_630	is	295	cycles
NoP latency for layer	341_to_465	is	45	cycles
NoP latency for layer	206_to_620	is	45	cycles
NoP latency for layer	32_to_808	is	26	cycles
NoP latency for layer	138_to_684	is	58	cycles
NoP latency for layer	137_to_695	is	58	cycles
NoP latency for layer	273_to_537	is	45	cycles
NoP latency for layer	198_to_634	is	35	cycles
NoP latency for layer	273_to_545	is	45	cycles
NoP latency for layer	274_to_552	is	45	cycles
NoP latency for layer	273_to_539	is	45	cycles
NoP latency for layer	171_to_655	is	45	cycles
NoP latency for layer	172_to_646	is	45	cycles
NoP latency for layer	239_to_589	is	45	cycles
NoP latency for layer	36_to_802	is	45	cycles
NoP latency for layer	342_to_478	is	45	cycles
NoP latency for layer	270_to_556	is	35	cycles
NoP latency for layer	134_to_701	is	96	cycles
NoP latency for layer	307_to_497	is	36	cycles
NoP latency for layer	341_to_459	is	45	cycles
NoP latency for layer	240_to_568	is	45	cycles
NoP latency for layer	231_to_600	is	295	cycles
NoP latency for layer	35_to_797	is	45	cycles
NoP latency for layer	36_to_784	is	58	cycles
NoP latency for layer	376_to_442	is	45	cycles
NoP latency for layer	203_to_627	is	90	cycles
NoP latency for layer	308_to_508	is	36	cycles
NoP latency for layer	341_to_481	is	45	cycles
NoP latency for layer	165_to_669	is	96	cycles
NoP latency for layer	103_to_721	is	58	cycles
NoP latency for layer	28_to_814	is	26	cycles
NoP latency for layer	307_to_517	is	36	cycles
NoP latency for layer	338_to_484	is	26	cycles
NoP latency for layer	376_to_430	is	45	cycles
NoP latency for layer	2_to_822	is	45	cycles
NoP latency for layer	271_to_555	is	90	cycles
NoP latency for layer	308_to_506	is	36	cycles
NoP latency for layer	375_to_423	is	45	cycles
NoP latency for layer	1_to_831	is	45	cycles
NoP latency for layer	307_to_499	is	36	cycles
NoP latency for layer	403_to_417	is	82	cycles
NoP latency for layer	206_to_612	is	45	cycles
NoP latency for layer	240_to_566	is	45	cycles
NoP latency for layer	372_to_448	is	26	cycles
NoP latency for layer	35_to_799	is	45	cycles
NoP latency for layer	70_to_766	is	58	cycles
NoP latency for layer	304_to_521	is	82	cycles
NoP latency for layer	172_to_658	is	45	cycles
NoP latency for layer	342_to_466	is	45	cycles
NoP latency for layer	104_to_714	is	58	cycles
NoP latency for layer	205_to_623	is	45	cycles
NoP latency for layer	305_to_519	is	82	cycles
NoP latency for layer	137_to_685	is	58	cycles
NoP latency for layer	138_to_694	is	58	cycles
NoP latency for layer	266_to_563	is	90	cycles
NoP latency for layer	341_to_475	is	45	cycles
NoP latency for layer	274_to_530	is	36	cycles
NoP latency for layer	274_to_542	is	45	cycles
NoP latency for layer	35_to_801	is	45	cycles
NoP latency for layer	171_to_639	is	45	cycles
NoP latency for layer	171_to_645	is	45	cycles
NoP latency for layer	69_to_755	is	58	cycles
NoP latency for layer	70_to_768	is	58	cycles
NoP latency for layer	172_to_656	is	45	cycles
NoP latency for layer	342_to_468	is	45	cycles
NoP latency for layer	405_to_414	is	295	cycles
NoP latency for layer	308_to_496	is	36	cycles
NoP latency for layer	35_to_787	is	58	cycles
NoP latency for layer	240_to_578	is	45	cycles
NoP latency for layer	375_to_441	is	45	cycles
NoP latency for layer	2_to_840	is	45	cycles
NoP latency for layer	104_to_728	is	58	cycles
NoP latency for layer	36_to_794	is	45	cycles
NoP latency for layer	69_to_767	is	58	cycles
NoP latency for layer	307_to_509	is	36	cycles
NoP latency for layer	205_to_611	is	45	cycles
NoP latency for layer	104_to_726	is	58	cycles
NoP latency for layer	103_to_731	is	58	cycles
NoP latency for layer	308_to_516	is	36	cycles
NoP latency for layer	70_to_754	is	58	cycles
NoP latency for layer	69_to_769	is	58	cycles
NoP latency for layer	2_to_832	is	45	cycles
NoP latency for layer	334_to_491	is	82	cycles
NoP latency for layer	307_to_507	is	36	cycles
NoP latency for layer	239_to_573	is	45	cycles
NoP latency for layer	375_to_433	is	45	cycles
NoP latency for layer	308_to_498	is	36	cycles
NoP latency for layer	1_to_821	is	45	cycles
NoP latency for layer	35_to_789	is	58	cycles
NoP latency for layer	240_to_576	is	45	cycles
NoP latency for layer	206_to_602	is	45	cycles
NoP latency for layer	307_to_511	is	36	cycles
NoP latency for layer	376_to_436	is	45	cycles
NoP latency for layer	2_to_824	is	45	cycles
NoP latency for layer	308_to_500	is	36	cycles
NoP latency for layer	103_to_727	is	58	cycles
NoP latency for layer	205_to_607	is	45	cycles
NoP latency for layer	372_to_449	is	82	cycles
NoP latency for layer	137_to_677	is	58	cycles
NoP latency for layer	104_to_730	is	58	cycles
NoP latency for layer	206_to_614	is	45	cycles
NoP latency for layer	28_to_815	is	82	cycles
NoP latency for layer	375_to_425	is	45	cycles
NoP latency for layer	338_to_485	is	82	cycles
NoP latency for layer	1_to_837	is	45	cycles
NoP latency for layer	169_to_663	is	90	cycles
NoP latency for layer	233_to_597	is	90	cycles
NoP latency for layer	269_to_558	is	295	cycles
NoP latency for layer	35_to_791	is	58	cycles
NoP latency for layer	171_to_661	is	45	cycles
NoP latency for layer	1_to_839	is	45	cycles
NoP latency for layer	65_to_774	is	318	cycles
NoP latency for layer	376_to_438	is	45	cycles
NoP latency for layer	36_to_782	is	58	cycles
NoP latency for layer	103_to_729	is	58	cycles
NoP latency for layer	137_to_679	is	58	cycles
NoP latency for layer	376_to_444	is	45	cycles
NoP latency for layer	205_to_609	is	45	cycles
NoP latency for layer	171_to_653	is	45	cycles
NoP latency for layer	273_to_543	is	45	cycles
NoP latency for layer	270_to_557	is	90	cycles
NoP latency for layer	134_to_700	is	40	cycles
NoP latency for layer	36_to_804	is	45	cycles
NoP latency for layer	172_to_640	is	45	cycles
NoP latency for layer	2_to_818	is	45	cycles
NoP latency for layer	103_to_715	is	58	cycles
NoP latency for layer	32_to_809	is	82	cycles
NoP latency for layer	240_to_584	is	45	cycles
NoP latency for layer	342_to_470	is	45	cycles
NoP latency for layer	198_to_635	is	90	cycles
NoP latency for layer	239_to_581	is	45	cycles
NoP latency for layer	273_to_531	is	36	cycles
NoP latency for layer	163_to_672	is	318	cycles
NoP latency for layer	341_to_463	is	45	cycles
NoP latency for layer	138_to_682	is	58	cycles
NoP latency for layer	368_to_455	is	82	cycles
NoP latency for layer	137_to_693	is	58	cycles
NoP latency for layer	36_to_788	is	58	cycles
NoP latency for layer	103_to_723	is	58	cycles
NoP latency for layer	100_to_737	is	96	cycles
NoP latency for layer	205_to_603	is	45	cycles
NoP latency for layer	307_to_515	is	36	cycles
NoP latency for layer	2_to_820	is	45	cycles
NoP latency for layer	376_to_432	is	45	cycles
NoP latency for layer	407_to_411	is	82	cycles
NoP latency for layer	308_to_504	is	36	cycles
NoP latency for layer	70_to_746	is	58	cycles
NoP latency for layer	1_to_833	is	45	cycles
NoP latency for layer	33_to_807	is	82	cycles
NoP latency for layer	96_to_743	is	96	cycles
NoP latency for layer	206_to_610	is	45	cycles
NoP latency for layer	408_to_409	is	0	cycles
NoP latency for layer	307_to_495	is	36	cycles
NoP latency for layer	1_to_841	is	45	cycles
NoP latency for layer	371_to_450	is	295	cycles
NoP latency for layer	129_to_708	is	318	cycles
NoP latency for layer	35_to_795	is	45	cycles
NoP latency for layer	36_to_786	is	58	cycles
NoP latency for layer	376_to_440	is	45	cycles
NoP latency for layer	70_to_748	is	58	cycles
NoP latency for layer	273_to_547	is	45	cycles
NoP latency for layer	341_to_469	is	45	cycles
NoP latency for layer	138_to_688	is	58	cycles
NoP latency for layer	31_to_810	is	295	cycles
NoP latency for layer	130_to_707	is	96	cycles
NoP latency for layer	274_to_550	is	45	cycles
NoP latency for layer	171_to_657	is	45	cycles
NoP latency for layer	232_to_599	is	90	cycles
NoP latency for layer	172_to_644	is	45	cycles
NoP latency for layer	69_to_747	is	58	cycles
NoP latency for layer	202_to_628	is	35	cycles
NoP latency for layer	36_to_800	is	45	cycles
NoP latency for layer	172_to_638	is	45	cycles
NoP latency for layer	406_to_412	is	26	cycles
NoP latency for layer	69_to_749	is	58	cycles
NoP latency for layer	239_to_585	is	45	cycles
NoP latency for layer	103_to_711	is	58	cycles
NoP latency for layer	240_to_580	is	45	cycles
NoP latency for layer	342_to_474	is	45	cycles
NoP latency for layer	206_to_622	is	45	cycles
NoP latency for layer	273_to_549	is	45	cycles
NoP latency for layer	341_to_467	is	45	cycles
NoP latency for layer	335_to_489	is	82	cycles
NoP latency for layer	138_to_686	is	58	cycles
NoP latency for layer	137_to_697	is	58	cycles
NoP latency for layer	402_to_418	is	26	cycles
NoP latency for layer	236_to_593	is	90	cycles
NoP latency for layer	273_to_535	is	45	cycles
NoP latency for layer	168_to_664	is	35	cycles
NoP latency for layer	171_to_659	is	45	cycles
NoP latency for layer	373_to_447	is	82	cycles
NoP latency for layer	104_to_710	is	58	cycles
NoP latency for layer	342_to_462	is	45	cycles
NoP latency for layer	67_to_771	is	96	cycles
NoP latency for layer	300_to_526	is	26	cycles
NoP latency for layer	70_to_762	is	58	cycles
NoP latency for layer	197_to_636	is	295	cycles
NoP latency for layer	164_to_670	is	40	cycles
NoP latency for layer	274_to_534	is	45	cycles
NoP latency for layer	274_to_548	is	45	cycles
NoP latency for layer	137_to_681	is	58	cycles
NoP latency for layer	367_to_456	is	295	cycles
NoP latency for layer	138_to_690	is	58	cycles
NoP latency for layer	341_to_471	is	45	cycles
NoP latency for layer	171_to_641	is	45	cycles
NoP latency for layer	1_to_819	is	45	cycles
NoP latency for layer	274_to_546	is	45	cycles
NoP latency for layer	35_to_805	is	45	cycles
NoP latency for layer	273_to_551	is	45	cycles
NoP latency for layer	133_to_702	is	318	cycles
NoP latency for layer	69_to_751	is	58	cycles
NoP latency for layer	172_to_652	is	45	cycles
NoP latency for layer	35_to_783	is	58	cycles
NoP latency for layer	206_to_608	is	45	cycles
NoP latency for layer	375_to_445	is	45	cycles
NoP latency for layer	239_to_579	is	45	cycles
NoP latency for layer	375_to_439	is	45	cycles
NoP latency for layer	172_to_660	is	45	cycles
NoP latency for layer	2_to_838	is	45	cycles
NoP latency for layer	69_to_763	is	58	cycles
NoP latency for layer	66_to_772	is	40	cycles
NoP latency for layer	301_to_525	is	82	cycles
NoP latency for layer	36_to_790	is	58	cycles
NoP latency for layer	70_to_750	is	58	cycles
NoP latency for layer	308_to_512	is	36	cycles
NoP latency for layer	2_to_836	is	45	cycles
NoP latency for layer	376_to_424	is	45	cycles
NoP latency for layer	307_to_503	is	36	cycles
NoP latency for layer	104_to_722	is	58	cycles
NoP latency for layer	205_to_615	is	45	cycles
NoP latency for layer	138_to_674	is	58	cycles
NoP latency for layer	240_to_572	is	45	cycles
NoP latency for layer	27_to_816	is	295	cycles
NoP latency for layer	206_to_606	is	45	cycles
NoP latency for layer	239_to_577	is	45	cycles
NoP latency for layer	99_to_738	is	318	cycles
NoP latency for layer	337_to_486	is	295	cycles
NoP latency for layer	1_to_825	is	45	cycles
NoP latency for layer	375_to_437	is	45	cycles
NoP latency for layer	62_to_778	is	40	cycles
NoP latency for layer	103_to_717	is	58	cycles
NoP latency for layer	265_to_564	is	295	cycles
NoP latency for layer	240_to_586	is	45	cycles
NoP latency for layer	402_to_419	is	82	cycles
NoP latency for layer	342_to_472	is	45	cycles
NoP latency for layer	236_to_592	is	35	cycles
NoP latency for layer	168_to_665	is	96	cycles
NoP latency for layer	303_to_522	is	286	cycles
NoP latency for layer	239_to_583	is	45	cycles
NoP latency for layer	273_to_533	is	45	cycles
NoP latency for layer	206_to_624	is	45	cycles
NoP latency for layer	341_to_461	is	45	cycles
NoP latency for layer	138_to_680	is	58	cycles
NoP latency for layer	137_to_691	is	58	cycles
NoP latency for layer	232_to_598	is	35	cycles
NoP latency for layer	171_to_651	is	45	cycles
NoP latency for layer	101_to_735	is	96	cycles
NoP latency for layer	202_to_629	is	90	cycles
NoP latency for layer	273_to_541	is	45	cycles
NoP latency for layer	406_to_413	is	82	cycles
NoP latency for layer	103_to_719	is	58	cycles
NoP latency for layer	339_to_483	is	82	cycles
NoP latency for layer	240_to_588	is	45	cycles
NoP latency for layer	130_to_706	is	40	cycles
NoP latency for layer	97_to_741	is	96	cycles
NoP latency for layer	172_to_642	is	45	cycles
NoP latency for layer	29_to_813	is	82	cycles
NoP latency for layer	206_to_618	is	45	cycles
NoP latency for layer	199_to_633	is	90	cycles
NoP latency for layer	35_to_793	is	45	cycles
NoP latency for layer	375_to_429	is	45	cycles
NoP latency for layer	239_to_569	is	45	cycles
NoP latency for layer	369_to_453	is	82	cycles
NoP latency for layer	2_to_828	is	45	cycles
NoP latency for layer	237_to_591	is	90	cycles
NoP latency for layer	307_to_513	is	36	cycles
NoP latency for layer	2_to_826	is	45	cycles
NoP latency for layer	333_to_492	is	286	cycles
NoP latency for layer	376_to_434	is	45	cycles
NoP latency for layer	131_to_705	is	96	cycles
NoP latency for layer	308_to_502	is	36	cycles
NoP latency for layer	96_to_742	is	40	cycles
NoP latency for layer	103_to_725	is	58	cycles
NoP latency for layer	104_to_732	is	58	cycles
NoP latency for layer	205_to_605	is	45	cycles
NoP latency for layer	137_to_675	is	58	cycles
NoP latency for layer	206_to_616	is	45	cycles
NoP latency for layer	100_to_736	is	40	cycles
NoP latency for layer	1_to_835	is	45	cycles
NoP latency for layer	375_to_427	is	45	cycles
NoP latency for layer	239_to_567	is	45	cycles
NoP latency for layer	104_to_724	is	58	cycles
NoP latency for layer	205_to_613	is	45	cycles
NoP latency for layer	103_to_733	is	58	cycles
NoP latency for layer	36_to_798	is	45	cycles
NoP latency for layer	308_to_514	is	36	cycles
NoP latency for layer	70_to_756	is	58	cycles
NoP latency for layer	2_to_830	is	45	cycles
NoP latency for layer	376_to_422	is	45	cycles
NoP latency for layer	62_to_779	is	96	cycles
NoP latency for layer	135_to_699	is	96	cycles
NoP latency for layer	307_to_505	is	36	cycles
NoP latency for layer	408_to_410	is	17	cycles
NoP latency for layer	239_to_571	is	45	cycles
NoP latency for layer	1_to_823	is	45	cycles
NoP latency for layer	375_to_431	is	45	cycles
NoP latency for layer	342_to_480	is	45	cycles
NoP latency for layer	240_to_574	is	45	cycles
NoP latency for layer	66_to_773	is	96	cycles
NoP latency for layer	308_to_494	is	36	cycles
NoP latency for layer	35_to_785	is	58	cycles
NoP latency for layer	375_to_443	is	45	cycles
NoP latency for layer	401_to_420	is	295	cycles
NoP latency for layer	342_to_458	is	45	cycles
NoP latency for layer	36_to_796	is	45	cycles
NoP latency for layer	70_to_758	is	58	cycles
NoP latency for layer	69_to_765	is	58	cycles
NoP latency for layer	274_to_540	is	45	cycles
NoP latency for layer	137_to_689	is	58	cycles
NoP latency for layer	35_to_803	is	45	cycles
NoP latency for layer	341_to_479	is	45	cycles
NoP latency for layer	171_to_647	is	45	cycles
NoP latency for layer	69_to_757	is	58	cycles
NoP latency for layer	172_to_654	is	45	cycles
NoP latency for layer	61_to_780	is	318	cycles
NoP latency for layer	104_to_718	is	58	cycles
NoP latency for layer	69_to_759	is	58	cycles
NoP latency for layer	70_to_764	is	58	cycles
NoP latency for layer	205_to_621	is	45	cycles
NoP latency for layer	342_to_464	is	45	cycles
NoP latency for layer	104_to_716	is	58	cycles
NoP latency for layer	137_to_687	is	58	cycles
NoP latency for layer	138_to_696	is	58	cycles
NoP latency for layer	341_to_477	is	45	cycles
NoP latency for layer	274_to_532	is	45	cycles
NoP latency for layer	300_to_527	is	82	cycles
NoP latency for layer	171_to_649	is	45	cycles
NoP latency for layer	164_to_671	is	96	cycles
