NoP latency for layer	2_to_209	is	56	cycles
NoP latency for layer	61_to_148	is	41	cycles
NoP latency for layer	69_to_132	is	49	cycles
NoP latency for layer	2_to_207	is	56	cycles
NoP latency for layer	36_to_165	is	56	cycles
NoP latency for layer	65_to_142	is	27	cycles
NoP latency for layer	70_to_133	is	49	cycles
NoP latency for layer	36_to_157	is	56	cycles
NoP latency for layer	36_to_159	is	56	cycles
NoP latency for layer	1_to_192	is	56	cycles
NoP latency for layer	97_to_111	is	710	cycles
NoP latency for layer	2_to_197	is	56	cycles
NoP latency for layer	69_to_116	is	49	cycles
NoP latency for layer	63_to_147	is	710	cycles
NoP latency for layer	102_to_103	is	48	cycles
NoP latency for layer	35_to_152	is	56	cycles
NoP latency for layer	69_to_118	is	49	cycles
NoP latency for layer	70_to_125	is	49	cycles
NoP latency for layer	102_to_104	is	386	cycles
NoP latency for layer	2_to_199	is	56	cycles
NoP latency for layer	1_to_202	is	56	cycles
NoP latency for layer	70_to_117	is	49	cycles
NoP latency for layer	35_to_160	is	56	cycles
NoP latency for layer	66_to_140	is	356	cycles
NoP latency for layer	36_to_173	is	56	cycles
NoP latency for layer	70_to_119	is	49	cycles
NoP latency for layer	69_to_124	is	49	cycles
NoP latency for layer	32_to_179	is	710	cycles
NoP latency for layer	2_to_187	is	56	cycles
NoP latency for layer	1_to_194	is	56	cycles
NoP latency for layer	70_to_135	is	49	cycles
NoP latency for layer	36_to_151	is	56	cycles
NoP latency for layer	2_to_189	is	56	cycles
NoP latency for layer	35_to_170	is	56	cycles
NoP latency for layer	2_to_201	is	56	cycles
NoP latency for layer	36_to_163	is	56	cycles
